id,name
2c60ee45-ed11-48e2-9e8a-f990d0751426,Ann Morris
0ce55f62-d443-46fc-a977-83e0bae1bad2,Michael Meza
b9eb5ee0-7dac-45c3-9bd7-0aef64aad430,Shane Yates
6d92b14b-f8f0-476d-867d-cb26cc1ee4cd,John Blackburn
5f071dd4-834c-422a-aae8-edac497993a0,Deborah Ward
a0feab53-4349-46d7-b571-25edeb690ee3,Kenneth Hudson DDS
6d096d18-ef58-4064-90cc-bd882e4b475d,Christopher Hall
35276030-417a-49c8-84db-c8f388370946,April Morris
2e06d8ff-13a9-4fff-9ce7-b061c849f3bd,Wesley Jenkins
49e75209-a70b-4cc2-bccb-7930a03428e4,Eric Francis
f420d5f0-ee33-4678-aeb1-f5be66ef3c5f,Andrew Stewart
f4086909-856b-4096-ab33-e553b5fd830f,Justin Duarte
bdc731d5-c392-4677-8ffe-c1a05fafad66,Daniel Cuevas
85a37ac7-7a15-48fa-8a3e-a0a5d2bf7a9a,Katelyn Alexander
cb26676e-52b6-4cef-9a8d-53e739d141d3,Jessica Richard
37e515a1-01cf-4bce-9fbb-d266496a99cf,Kevin Jenkins
753366aa-8c90-4cf5-aa59-7629dde7fe20,John Norris
d2648545-95d5-4a7a-84f8-7df750f19404,Angela Weber
56306bb5-01ae-42f2-b171-46e2188a1dd6,Kenneth Nelson
473ed861-b922-4fc0-b0e2-0555dd5a79e8,Mary Dunlap
45cb29d4-ca5c-467c-92a1-f8c293cd636f,Danielle Weaver
38638697-ffb6-4891-af06-7cbadd7039bd,Dr. Chad Chavez
bf25e0ac-b2e9-4d97-8dd3-a1f649140bc9,Larry Ward
a1bb261e-4d84-4ccb-a905-972a840a6c04,Dustin Macias
b55fe5ea-a0d5-405f-a335-b10f5e2d2099,Emma Mitchell
aad42f69-82ca-43a4-8b70-9b8ea0f6beb3,Mr. Adam Carey
6ede7c52-c7e8-49a9-a796-4eb9d0469170,Holly Johnson
1f7bd399-aa57-4e13-a710-b70fce36c144,Christopher Ellis
801b6249-7e66-4333-ad72-5415072c46d2,Christine Gonzales
fd7ad1ea-b8a6-4b1a-8292-7c975ba48c3a,Hannah Davis
e170851f-b50d-49d0-9534-1556ce7bf6d6,Erin Baker
5f562751-1068-4e5e-abf4-0d9c8bc2ab80,Mark Jenkins
25ab1bee-8ebe-4d34-9f54-a4bb38bb6c10,Howard Copeland
defcda04-2b1a-4a8f-9c46-aae5f7aba55f,Andrew Perez
b8217ef5-93a9-422a-88cd-01e8670dd7ba,Laura Hernandez
97f04c66-a6d0-467b-83be-e847fe546e14,Stephen Miller
1d2b7859-61b4-4c7c-81b8-ced757014d9a,Beverly Peters
175f3c02-a33f-460d-bf0b-07290f08f80a,Allison Oliver
2e7100ae-c59a-469f-99d0-be8395eee2d3,Melissa Davis
7e6414f2-bedb-434a-a7fd-d5371ee360ec,Joshua Henderson
72ae9230-cca7-4e6d-8995-9aeb24a4307d,Barbara Ward
f6e471ab-7f28-47dd-8291-930654929f47,Ashley Johnson
df4f517b-4d4c-405a-bcfc-d436032d9234,Joy Peterson
7ef94d88-52b5-41d2-840b-60cba1636e0d,Lydia Khan
a333e0c7-e29a-4c56-bc55-7e869c2f6a3f,Elizabeth Ford
c28cdfb5-4dda-4b2e-bb2e-320dd19aaeb9,Brandy Ford
1ba51092-fdc0-4d80-b9d4-4417d863fb17,Michael Walker
6ae60bb8-2fec-4e88-b682-20dee5bb02f1,Andrea Randall
0309e4f5-b46b-47f0-8715-53e7f857438b,Gregory Werner
7fa63749-1a0e-4f93-b53c-ce16d741b436,Randy Lyons
e07ce066-4ae3-44e1-bb42-78331f9c8ca9,Julia Baker
d74da9d2-5e4e-4b91-8e02-1838ee9e301d,William Davis
92e1c03e-070e-4a22-b9ca-ad29a512487b,Mary Kim
57f92250-386a-4678-92fa-a63611de0ebd,Patricia Dickerson
ea2b0887-2231-47eb-96c2-a5088609c834,Martha Johnson
18bd2a91-e9df-4653-b4ba-515973ee9cbb,Lawrence Clark
69f388f2-14ba-4341-a2fa-4d2abcf31bd1,Michele Mayer
0d451c55-58f4-4ec2-94e3-9132e269b328,Thomas Houston
d521a4ee-9bb2-4a0b-b225-cf5157c7dac6,Christopher Torres
63a610eb-d951-4b31-9e45-e306ce8cb9a8,Michelle Gaines
1f9faaf8-9395-42d6-ad9a-c872eebdb0e7,Andrea Bentley
8efdeac0-f8ab-4a83-9b8a-4b45189db76b,Dillon Flores
f2b35462-916e-4589-a47c-7dcfac33907d,Misty Reed
11b54b76-e9e6-4ccf-9971-f54bc8c07024,Rebecca Torres
409d97a5-28d3-4fb0-bc87-eb0d635433bc,David Buck
b302ce94-7f2d-4e1d-883d-8e84a8243033,Susan Mann
b3aee01e-d295-4b10-9759-0e9300673de5,Eric Young
5442b300-0d3e-48eb-962e-3c28e00aba15,Christina Patterson
2b2d045f-146f-4381-984c-7ee6aa77c10e,Shannon Alexander
1597b30e-413f-40e6-877a-621adedac171,Tamara Wallace
2296a1f7-f181-4108-9f1f-53e5d22ee44c,Lindsey Ellison
5cbe3b66-8cfc-4b6e-92a7-8a19687dc8c8,Stephanie Adams MD
5d00b915-6925-497d-a737-254d882df5e5,Kyle Jones
115e5d83-28f0-49c7-a291-0a163848048a,Timothy Navarro
58808c09-8695-4094-811a-59ae4f30d806,Kevin Hardy
f000c9e9-48f2-4322-aea1-1977b1aa10fe,Brandon Lang
cd4ff15a-c911-4a20-b439-1fd340cd1416,Mary Owens
252ad444-5d03-40e3-bc5b-6f414b014c93,Dana Mcdowell
1be9abf7-6a03-4c7e-b1fe-743a6cd433f5,Deanna Torres
faab8a08-786a-4121-aaa1-96cc2edc7244,Jerry Thompson II
9b80bb2e-c7b8-4bbf-bff9-1de72df1aae7,Taylor Blackburn
ffe57540-cc93-415c-afb5-df4a1c8f64a5,Philip Haynes
d75f5fe0-cda6-4f68-a080-08a38595277b,Julia Velazquez
2943bc34-5c8a-4476-baa9-0ed7a5b64649,Andrew Serrano
7711da42-05b9-4624-8a67-6497ed634748,Amy Taylor
718866b7-6a6c-4ce7-b866-a28aa229ab86,Andrew Aguirre
9bd64262-8c79-48d5-8759-040665cb4b44,Jeffrey Franklin
82534323-5b57-43dd-8607-c628695c2c0e,Michele Allen
3a0bedd3-6879-4d5c-83e6-f3cf5cf92f29,Thomas West MD
969c01e7-7aea-4522-91e0-1d685c60d11c,Beverly Parker
3177267e-c74b-48ff-a341-b12d54ed5872,Kyle Johnson
a8497359-4ee3-420f-a369-fb5e5b755223,Rodney Gonzalez
3b209ecb-46d9-44f4-84b5-54b5fc568db3,Stacey Miller
ea1cc5b4-2b92-435b-bf2e-fd99ce40954a,Danny Walker
260e93dc-afaa-4f8d-9f00-cca86f7f9c97,Brandon Shannon
ef6a47e0-16d3-407c-bbd9-77d5ef2c3d9f,Holly Lee
e1de0587-6bc0-46be-ac02-fe93b1616526,Kyle Evans
1e9f5e53-ebfc-4f8d-870d-c0ba465dfe5f,Brad Williamson
2beade7e-aed0-46c1-9aad-ef73cf5ca01a,Stephen Robbins
8513f786-506e-4042-acd7-9c7b5a6db130,Pamela Smith
84c0032c-7134-4492-b878-87b09296eb70,Aaron Williams
bc7c690b-f162-4956-9163-43fde9423313,Maria Rodriguez
0fb0d9ca-a7f2-4391-80be-9cff4b6b8912,Nancy Mercado
95c79328-9cd2-4b1e-9043-f71ba6cbba88,Julia Henderson
0785a0ee-269e-4fa7-ada5-5d5ebf345dd7,Jessica Valdez
ca631ba7-9a08-4889-9be3-608009d1b155,Victor Ramos
745ed289-9df6-4df8-ac83-ac6de7d87dd5,Mrs. Hannah Figueroa
7ad7bf83-867e-4bf1-b2a3-2c7159a5b80c,Lisa Lewis
e7979534-0d4a-48ba-bf85-f9c5f2cce39e,Brenda Hall
a8baf640-e925-459b-9d81-4ca7c793c681,Brett Allen
8d78b231-018a-4abc-b5a8-a984d1da6001,Amber Franklin
9940e12c-f862-4022-8936-beab4fdc7440,Brandon Lindsey
775c804b-a972-4a3d-a927-5abc54c083a1,Micheal Ross
6b5b83b1-f5b0-4d09-9294-1d2c0f58e9a6,Adam Carpenter
f2becba7-e6db-4a3b-b3e6-9dd6ee3c4b18,Dwayne Johnson
76d6c52c-99b7-404f-93b0-fb0f280bc890,Rachel Graham
5a82a271-b2c9-4534-9916-78d9ad4ca698,Amber Lopez
a37e7bef-1af0-418f-8826-d1f8975d725d,Mr. Brent Ward
23ff012c-c280-4cd9-abf4-859f13dd6e99,Sally Eaton
ae9bc37b-b989-479a-aec6-b31abfdd3a6e,Natasha Wright
5e5f4d9a-3091-4baf-b2a3-4eb77c78ed7f,Debra Hall
157332fb-c0cc-4fe0-a938-fa189a6d1fd1,Dr. Erin Turner
e285cafd-9837-465a-821c-1c7124df76f7,Amanda Nelson
cd52968b-72f6-4fb6-812e-5bfc8cbb9575,Mark Smith
7a2eb6c9-8c44-4044-adb6-e25e3fed4992,Sandra Norman MD
55aa2ffb-2cf6-4565-9def-7982cd9fd8bc,Tanya Craig
653778ba-addb-476f-a148-668a1ff0bf46,Jonathan Bennett
bfb59f21-dcd0-4bc7-b75d-436cb24ae20b,Mr. Matthew Meyer
ee1b3f4c-23bb-4df0-aa34-a4c05bde0353,Brandy Mcdonald
e417ff9b-1103-47bf-8554-1353514eb521,Brian Velasquez
2b8050ec-544d-442b-be24-4b83c62c6de9,William Ayers
24a49de7-5717-4880-89de-779a8d8a55f8,Elizabeth Ryan DVM
2c8ad1a6-316e-472c-8808-595e8d567fb6,Angela Moyer
8f6f1c83-4c3b-4387-92de-fa5d46fc9ca8,Michelle White
a52b0a2d-fcf7-4169-b668-97b1f2cb2c2b,Bradley Shannon
b467bb80-d13e-4370-8d6d-ff53dfdb0327,Melvin Ingram
9a1e72d8-6203-4871-8876-75d263cc3bd1,Karina Zimmerman
e38ec3c1-a705-4b05-a029-766945af31ab,Mrs. Megan Scott
6d4cc49f-358b-4502-b68d-f5b023f63891,Taylor Thomas
f672be86-124b-4585-afa2-8b11bb3f72a2,Christina Gonzalez
23c6c449-78df-481c-bc91-521a2fdeb2b3,Angela Smith
f9d50ea2-4b8c-4591-b104-488d82753b18,Louis Walker
6adda1c7-7430-429d-9838-d13db32a18b1,Rodney Gardner
4c74222a-fa46-4cb6-a068-0484287ab45c,Traci Maddox
f6b5b22b-a272-4ac9-8e46-10f70dae954a,Jeffery Harrison
8ea069b0-6540-4882-a770-b4a9112d6ee2,Donald Weber
c7c74551-10b9-4cf5-ac76-3859205740b4,Anthony Dickson
32430b93-bdaf-40dd-a84f-5a8b7a9a64eb,Justin Barrera
240006ea-5cc3-4261-8570-a1837cc688c7,Tracy Santiago MD
68dabfe7-95bf-4eea-abaa-15fb694eea84,Ashley Bradley
0b049063-e7bb-4b59-8c66-31ba3587a783,Sandra Duncan
5ee24fca-3ebc-4e31-aefe-4c826a21ab22,Jeremy Shannon
1267623d-10de-4c5d-ad57-9b17808cba83,Kaitlin Hall
53dc50ee-fd4f-4be3-a210-406ca1fe2415,Jon Heath
cd8a3b4d-8155-4dab-a691-ca46cd914d55,Ronnie Anderson
33341e7b-ffe1-413b-8584-2955ea29be36,Rebecca Jones
41a8096d-41ca-4cec-995f-d0b2e2b3fcab,Christopher Villa
958d99e1-adc1-44c3-8d0b-4438abbb1563,Andre Sanders
7c8542c9-7b6b-41e7-831f-9329fa287261,Carrie Wilson
c8f35338-d4fc-44cf-8329-baf12abde2e3,Amber Cortez
e1d6da71-d9d8-4be8-ad43-706339744f96,Richard Holloway
e4e39b04-4e12-4884-b21a-9453428fe00d,Erik Mason
ec34b5cd-be92-4e62-832c-b62e6e5f092f,Lauren Love
15b2439c-61f2-48d8-9eac-5809d9f2ad4f,Brendan Hawkins
2df13146-a350-4806-9bb6-2a372611c574,Heather Ritter
c76ac2bf-19b2-4477-bda8-dcb618990bb9,Anne Jackson
73d4c682-0718-4f65-9e0c-69366ef8effb,Eric Austin
181c457d-7023-4fee-a047-7ce0a1f37df0,Danielle Gray
877dc1ed-2dfa-4a73-9c41-d87db1f749cc,Patrick Walls
3a0baeaa-dd1b-4516-ac2d-031ca6972d12,Chad Jackson
165466be-8bf5-4477-868d-129137f86352,Dylan Lopez
ec5eed8a-702a-440f-935e-9b59a61e1c24,Lisa Townsend
15e7be56-2c95-4d3d-b9a5-60807fcd10dd,Amy Farmer
428cfcd4-cceb-4572-a992-fa755103c9d9,Richard Cannon
61c8b44c-868c-4d74-9c8f-8c582ca03d29,Erin Lucas
e3cf504d-36b5-4f15-a556-a8d88c162a44,Michelle Sheppard
ef8f5d4d-374b-4c4e-bc38-0734a760df29,William Johnson
feced24f-a546-46a9-9867-26f00549f64c,Kristi Washington
b74c30e2-074b-46a5-884d-0d472918215f,Amy Garcia
d13114bd-e39d-4429-8ec9-522153e5ca1e,Justin Leon
a5274f56-a7f6-42be-ad86-f41521341868,Angela Huffman
332cfe4c-669f-4bb9-bdde-4154d36ef16e,Debbie Lopez
7a048ce8-ff12-4ba8-8b77-3123a59322c3,Ray Mitchell
695cec2e-bb0e-4ba2-ae22-71b71ad66ae8,Scott Jones
e1feab19-fe9b-44b3-90b4-5560b6ae6246,Mr. Jeremy Cameron
6bca1665-9f8a-43ce-857e-66b36efb8ea2,Jacob Brown
2fc44b7c-b820-4f26-9424-63a728b20179,Sarah Harris
e64168ac-d865-43dc-8626-4cb2f522373b,Jeffrey Bailey
b3579657-78a1-4db0-83dc-8dcc73f0d0e6,Nancy Austin
769f60a9-8a00-450f-a98d-0416c7d58c5c,Kelsey Taylor
ebcf7740-4c27-4ae6-89ef-8d2930338338,Jessica Robinson
2335535a-617d-4035-867d-bffacc51059c,Shawn Baker
31ca5095-9f38-406e-ba8a-87b82df18afa,David Leonard
e3fd45f6-b35f-40a4-9a0e-f9667be5962d,Dylan Carrillo
c2066e38-0c1a-4267-8fc0-86cdf0b4b49e,Kyle Mckinney
f0ea179d-ac64-4273-81a8-5ffe4e0c5c13,Justin Chambers
b1084457-8203-4fd4-a505-3bceb8e1f9dd,Sean Carter
2ebb658a-aa07-469e-bc73-b42e0f07955d,Megan Wyatt
eaa3206d-86f1-4c62-b7eb-79b0d3ddb59e,Casey Barnes
55003160-991a-46ab-8b8e-b5336ccb4c90,John Long
937905ef-b34e-4324-b43f-73b783386b75,Michael Acosta
10eaca50-cc74-42aa-abb2-6f2adb3d7894,Nicholas Curry
effcd01c-ac70-446e-80dc-7371e02ad2ed,Kelly Palmer
6330eed0-bb43-4ba2-864d-7100a3464729,Don Duran
61fd252f-c698-446b-8412-601904863ba5,Emily Barnes
63e9045c-ef1d-4fd4-8094-0dedfa2423d8,Jessica Bauer
79e357ec-44b7-4338-89be-07ef288e87e5,Gary Kirk
9ce4dcf0-758e-4a3b-8b3d-6beede703607,Michael Conner
0dae01b0-4fdf-4675-9e8f-7ac581f0c630,Charles Oneill
4a044685-76bc-41f4-8fe5-4d7d22e6cfe9,Sara Henderson
2e522cdb-991e-490f-8dbc-045b4748a106,Stephen Archer
13e00ef4-6a11-403f-ab1e-edc75284a5ad,Jay Cruz
c656c511-8d80-4cd0-be6f-61deb6ef1c5e,Wyatt Bates
998738d6-75c3-459a-b264-7c49f25df72b,David Hanson
14c61e49-c11d-43a8-a1c9-5eb611f7b2a2,Brittany Johnson
ce7e7c46-a93f-460d-8514-b274479db7cd,Matthew Schmidt
1969097b-fd74-4eb0-a3ec-33a44bd2bdae,Ashley Santiago
31772ac3-8aec-40b1-8e21-5c17dfd00053,Matthew Bryan
9386d38e-e511-418c-80d8-e1742d640db2,Gregory Hayes
bf60001a-5ab5-44bf-87fe-10b058aa2a52,Jennifer Singh
810ef87b-c260-42a6-98c1-01c5947f7605,Crystal Serrano
a1148592-0657-466e-ae17-4271ff5fca48,Sharon Marshall
99de6480-6e5d-408d-910f-890116673ceb,Christina Ramirez
5ad48cca-df0b-4130-95f5-1b8d998852b2,Kayla Brooks
23d1b3aa-ddf3-43e0-a019-1614a4fc76e4,David Grant
d9ae7d38-cc75-4b17-b5a4-9c05bc9fc491,Mr. Clayton Kramer
52896577-efcf-4137-a295-a4e1b137edde,Ryan Martinez
6add74fa-0c4c-4062-8d4f-830a5074df3e,William Diaz
4727340a-85cc-4a8b-9b44-bfb31e401271,Ashley Roberts
c2451fbf-1fc6-4f32-bb2a-1fe8cbc35416,Richard Pitts
c7f44370-3e34-42b1-98f7-0422679ae78e,John Lowe
57f106cc-68c8-4f2d-903a-2918992d3a0f,Cassidy Gaines
f81e3b96-4a3b-4b55-8083-9961e596b669,Brittany Reed
000d2e2b-f2d5-49a0-8d4e-3d0a58ca2f6d,Lynn Ramirez
cf53ff47-eb56-41bb-bdc4-2a2515163985,Bethany Baker
37c49fc5-5a8b-4a41-9a4c-2a07e60aead1,Stephanie Williams
195daa36-94de-4b46-9c55-5770577f3262,Kimberly Barnes
0f9212cc-39f9-4cd0-816e-80e7e66ba04d,Dawn Williams
1564ab05-ba0d-436c-87b4-b81129be5168,John Bennett
f9f7f267-0566-485f-9565-a4e7988f08f9,Christina Roberts
860d307b-56ea-4983-ab34-56cf998c9f5c,Nicole Martin
8149da7c-3d07-470d-941b-9a7dc4b51c4b,George Moore
08b95a98-5af5-4b4d-b39d-baafb70df194,Kristen Ramirez
74e401a2-3fd8-41de-99d8-ce4e9e082f66,Jonathan Anderson
1a60c150-8544-4ce9-abe7-2e1f941a174a,Michael Carter
504eccb1-ccd1-402a-a229-719c1b727563,Kelly Kelly
3e6a7574-54d8-4fb0-95d8-8260102f555b,Rebecca Carr
62ca558a-e01e-4e6b-9ed1-78fd96c08783,Latoya Harrison
7564e6ec-7072-4592-9e30-36cbdc2b0bce,Pamela Peterson
144b954f-c2b4-4daa-a027-098da9afb571,Sheila Fisher
5d8834b2-b705-46b5-bbf6-c4ff091d787e,Barbara Jefferson
dbcf7e41-a91d-45d2-87b1-6fb6e241ac2f,Jessica Lewis
d2afa019-0481-4f66-abc8-cfb086fc61a4,Tracy Garcia
2659d3c3-23a2-4b41-bb39-30d5144f96c6,Lori Butler
3308c7bb-d6c9-4624-a307-cf9c514b0c4e,Brandy Harrington
8e678435-549a-4c0a-95aa-5908cd635889,Jesse Moore
89b355ed-c0ff-4b10-94d9-b8381b4edb29,John Drake
d457696d-ed6e-48c2-8387-fbfd8d203485,Dorothy Schultz
6771824c-8de9-4925-aa9d-7ee0ee30a886,Katelyn Thornton
b13b93cf-9c8e-4914-8cdd-b17af87a09e5,Christian Schneider
1f74617a-d80c-40ac-bd01-97333a62d343,Casey Martinez
d7af4667-0985-4436-84a0-d113d4e73e68,Stephanie Koch
e93016d9-52bc-4aae-9dcb-f4e4596d76fd,Dale Colon
36127a0a-36d5-4985-a82e-b9fa6e2e0462,Cynthia Owens
ad72b5c4-2f3a-4fcc-9c56-75fafc5d050d,Mikayla Rivera
e95f7411-6112-4732-b264-07309f573b70,Kelsey Miller
b7a5d183-d1e7-4402-aae2-7b681a584644,Carly Harris
fd3f8dc4-17ab-4393-84c0-d02680f289ea,Dale Berry
3b5f9765-a53e-454e-ad22-f08f867918ab,Lauren Rodriguez
782bca70-9820-4821-957e-0ea102cebfb3,Veronica Garcia
b389c0e8-019f-4212-bd37-167c0a90f1bf,Kaitlyn Allen
9e1fd35d-b5ea-46b7-b18b-0e4af7e17984,Ann Yoder
1c5c5749-2cc7-4328-a79a-e01472b6cc88,Susan Lara
48950fbd-4c1a-4f5b-a8db-9d402a974000,Kenneth Lynch
51ef0a29-ee70-43c4-94b4-39c354d27851,Steve Blanchard MD
bd2696df-7ad7-4cb2-9358-8ed212bc1bb0,John Larson
4aafe3bf-59ad-4a82-8380-194c2b4fe82d,Edward Ortiz
9f1db3bb-6c01-4083-a0ac-ce717651b117,Terry Obrien
c66d8ff9-36a6-4978-b3f6-3a2b21e24cd4,Erica Walker
88cfb750-a449-4201-a640-739f7206142d,Kerri Wilson
82ea9ccd-ca83-4354-aa9a-a05177f3324a,Gerald Odom
269053fe-da9d-49bb-847f-06edd7f3550e,Kathryn Day
59d8c611-fe95-4062-88cc-13feb6541a61,Daniel Edwards
c465a171-8b79-44c2-b374-60dc6eead451,Kevin Martinez
e94abc32-0089-45d9-8f47-1908b7dde2d2,Teresa Ortiz
5fe357ea-872f-4c02-bed3-b8f031958cc2,Katherine Griffin
b31e3685-6fd4-47f0-84c9-513bec3ae8eb,Samuel Stout
eae65635-9ce9-4d35-87e0-9763f48f5230,Chris Graves
68c23cf1-b0af-4663-8636-d2333dfaf29b,Robert Torres
29282006-7336-46b3-b252-6a3d255a3b14,Madison Davis
7e72dc1d-5f02-461a-9263-9c79221fbf49,Lisa Pierce
92656471-9176-417d-a190-c228e830f733,Brad Hogan
cb0fd041-8f3c-45d2-9e2c-524b973d54a7,Susan Bennett
45ea406b-766a-45e0-837f-1abd2b4a0dac,Virginia James
160a424f-c61e-4d3f-9e93-12a3788a3a7f,Daniel Mendoza
73cafe3a-3225-4b0f-b38c-b1054dcd23df,Sandra Dixon
29ba0d5d-d589-4a88-bf0b-6dc3c433f309,Ryan Huynh
ba73ae48-2101-4a80-84bf-1fb36a877055,Christopher Kim
2e3a6060-bbc1-406c-b86c-3d034158bfd3,Erica Scott DVM
b23d0640-0cc3-4d72-8ac4-69f158a43da1,Troy Hayden
a8687695-7bb3-4cc9-bb5c-88b11b868318,Adam Rowe
59f75148-7883-4286-ad97-45691d9a6ead,Harry Taylor
7bd913c9-ee39-49f1-8550-7e3cd573cf42,Sarah Haney
7fba0d39-204a-430f-a94a-b22de9d9b4bb,Stephen Mercado
f681667a-394f-45ac-9ec8-cc3a2aed625f,Kim Moore
cc6132f8-f390-4919-9d62-e99e1c1c8f64,Jacqueline Pineda
f5532ae3-fda8-4813-81d0-4cc94d76ce19,Kelly Holmes
f41117bf-423f-4508-b36d-3c98e1153954,John Hall
b23e3177-c5c0-442f-a266-8ee2a71ecfdc,Corey Calhoun
9a5d9058-9cd8-495e-98f9-57ed46c2506c,Brandon Parker
176d2878-d1f4-4d52-9f1e-8ce73af575a3,Christy Rios
404e4ce2-05fa-4f2d-b3e4-f5ad5ad4716f,Christopher Schmidt
3ec6bd17-0fa9-4629-be2b-452ffc763986,Stephanie Carter
834f5a7a-7978-4d59-ae9e-57c2cb244781,Glen King
b834630f-af1f-44c5-b6e0-4c02089c370e,Denise Anderson
9b0bfe9e-0068-4cf4-ac6c-6c1ac42e93c0,Shawna Hill
f88bddac-30d8-4bc0-b776-431f1de1aa5f,Stephanie Quinn
fa0a7d85-7872-4ac8-8479-d039f1cb698d,Jimmy Bridges
2fd174dc-8e42-42c7-a829-8a55f6604d88,Jasmine Murray
7a844ed9-11b0-4a57-afc8-7af500c01464,Donald Thomas
43c9e1d6-5eb9-4f25-8f15-2ae33ffda3dc,Craig Owens
63f7dc5e-c886-41a6-94e5-ee7dcd62383f,Tamara Hinton
50264137-6038-4678-8c6c-8d63df3d582e,Ashley Mcdaniel
43708560-51c6-4528-832c-0548742a6afc,Lori Williams
2f0e0514-9101-43c1-b4d4-a1cc8c509ef6,Leslie Cruz
ec8be666-f155-4f16-9cd2-cea49f77f90a,Angela Armstrong
afd378cc-e070-47f5-96ba-1996ea7bf354,James Walls
09e8465c-0c55-4c61-998f-6e862f2f7f62,Ryan Mclaughlin
7680bacb-71de-4ce4-b062-bd0aed793b92,Jody Valencia
3a63b768-3274-4455-b849-ba2b410ebdf7,Mrs. Melissa Bernard
f8a603fd-d823-4a0f-b575-04604d780a70,Richard Lee
2bbbdd66-ad31-4ca9-8d2f-80eeee859572,John Anthony
3d877df2-04fc-45c9-b2b2-2d6d9e3d7773,Darryl Green
82b852cf-558d-47b6-a0c6-d2bcedf0279c,Patrick Thomas
ad5a629d-f108-47a4-b12d-6c7aa30579a4,Susan Maxwell
04e35578-e9d7-412d-8c99-8eb2fbc18dd9,Kristen Mack
769b983c-cfb6-4905-8ca9-eb84e3e77244,Karen Patterson
eaba8a99-eeb6-45c1-ac8f-e668d9342952,George Bennett
09544888-f664-40b7-aa58-7c4ca2c88b12,Amanda Hill
8deb7f2a-b0ad-41d8-9247-1f541edac278,Kristin Mcintyre
c3fd8fce-9b97-4293-a321-288465717f6c,Maria Adams
7df4ba77-de6d-4c70-b4df-262336054f12,Karen Sanchez
47836f1d-3a53-4481-add3-e55b9d870da5,Edward Bush
a1be8a71-3692-42eb-8f29-6c6b93d981eb,Martha Pineda DDS
be0044b7-ea44-4ac4-bdf5-2fbf31510f48,Andrea Moore
da940b79-0311-4b7e-9d06-36576107ae9b,Shelby Morales
53d883cb-640b-4eac-8cae-30a4c74eb3e4,Ronald Jones
cdd986d4-105d-414c-8014-dbd0066bcd32,Stephen Barton
660ae722-b927-4344-b736-d1ef7649a447,Chad Walsh
829b66b2-a71b-4a05-a724-d72c6bc7f9c1,Joshua Wells
423f2632-3f40-4153-8c9b-7dac0f242851,David Garrett
0a4b8658-9b1d-4984-ae94-c0a1cbd092ca,Sean Koch
f234ddf7-bb14-4311-9384-18bf7aa62bb8,Sara Powell
dbf489d5-29ec-4f97-9915-0d99b2ac8548,Kimberly Stark
b461560e-391b-441f-b969-cd6ef33fbbf1,Juan Walsh
77366d6c-a369-4971-bc32-0d43e9d4ba67,Peter Green
b92b8416-39e1-4582-926a-a1ac0b8852f9,Crystal Thompson
07ace86f-1365-43f9-95e0-ac23cff96e26,Maria Nelson
a0c4072f-9af8-4c0b-b99f-73a008932522,Wyatt Carter
48e536b5-99d8-4eda-a134-37069279baad,Melissa Smith
e443778e-1d04-4da1-9c64-6b26a5548260,Kyle Saunders
dae4fe68-e9a6-457c-b76b-2479dc5f8c23,Amy Dixon
d30a5171-2b6f-40d9-8a43-ffcfd5046ba5,Vanessa Hernandez
016c399e-9c5b-4189-b58c-44702b6747b6,Tracy Santos
257659a1-edd5-45c8-b864-4d41d647c54e,Janet Martinez
7714f836-07fe-402b-a5df-f94d96a98512,Dawn Keller
0e0c8c94-60d2-43db-a024-ed8909613c77,Melanie Davis
5edba2e7-6261-4e8e-b1a5-8b7ce305565d,Ronnie Hammond
4b6c4421-d835-4e1d-93f1-96f034d3dc30,Susan Humphrey
7692d6f3-a15f-447a-9193-d07b07e0046b,Brian Lopez
0506aa59-6e78-4dce-9666-25c7ba29cc6b,Michael Porter
decd1de3-b8d9-4b51-8530-59f230021d7a,Paul Gomez
c164a98f-476c-4e31-90b0-9c98fe484bfd,Christine Wilkerson
6c9cb44b-ccd2-4ab0-b1b4-b796e3c0de01,Christine Miller
859f96d6-4d80-4429-8239-94660340683f,William Wallace II
df76a017-2f0f-4feb-abf0-12ad33ebd49d,Jason Clay
4ef7eae1-0c24-4b76-8b8b-e7d58960e33b,Harry Smith
1c3cf1c2-4891-4b2a-9328-54327e0db6bc,Melanie Riggs
712c12ca-b110-43e0-88ce-9f7a3abc5acd,Susan Taylor
79a10808-a9fe-4c32-b435-a14a2ed2db3f,Timothy Clark
3e0927ed-3112-4b39-b4fd-426712191e03,Dawn Cunningham
99824b04-2dd3-4ef2-a528-e54f568e245b,Victoria Wood
1b9ee0d1-e938-4fb2-9ec4-2a8eb66ff440,David Garza
b7bcea59-9dc9-4265-b141-fcc278ddd0ac,Jean Young
88511f96-d012-428a-80e9-70b088dab5f2,Brent Barber
1993807d-2d03-48f0-9288-04b0e2230749,Alexis Gutierrez
03d76aad-e537-4c6e-87a3-e5f28610c2ce,Valerie Bonilla
a6d83148-ed59-44ff-8074-f9ded42d84c1,Don Valencia
87f2d0f8-30bd-465f-abb3-47bb8932e1b7,Laura Powell
32e340df-a8d8-4e2b-8bb4-586b437d65e9,Manuel Mooney
9cb6d4b7-e6e1-4b6c-8310-c77c5f07d8f5,Daniel Kaufman
855391fd-8acf-463c-9ee9-44dcbeb6c069,Krystal Mason
37c5ae82-864d-4559-8195-0b373957b0cc,Robert Everett
0f45c9e5-cf40-4ab7-b301-135b3b443dc2,Rachel Willis
bbdb7999-c143-4a8c-b1be-9131284fe041,Lisa Jones
e010a2c2-a031-48ad-bd08-8cc1b83c9899,Alicia Norris
becd617b-0a3d-428f-b65c-8e9586aa2420,Patricia Williamson
18d0b78b-3172-4a56-af47-35cb9f9bd8a1,Erika Mccarthy
78cb8fc0-1294-493a-b844-79b0e515b4f4,Christopher Foster
977270ef-5e55-4cc4-a14b-876334568ce0,Miranda Myers
4ae1c84c-b6d3-4267-968a-f474845c49a0,Christina Lane
441740c5-8b9f-49dd-b092-ef1336f299ff,Gerald Castillo
67866f3b-70b1-4103-8003-50bb9b6e78ee,Hannah Benton
47fc8680-4ec9-41a2-a26f-085fe83c7d35,Jennifer Porter
9d3f4ec6-97ad-4cc6-8afa-8b25c1165843,Jason Gibbs
cbf815e1-e955-49e4-a1da-dfe1995512f3,Michael Martin
22fdcade-d7ce-44a5-b1f6-11ef6991ce8c,Jeff Brown
00285b8b-cd20-483f-8f17-a46c313e7c4b,Amanda Vance
7c95cd33-91fc-4bff-9c82-6000637cd2c4,Douglas Brown
63c57649-73a0-4eee-bcd8-ce986996c5bc,Melissa Webb
da884dbb-b14c-46ca-b4bc-c08b6e31761d,Dana Simpson
61f986d5-d0d8-4c17-929b-f1133267060e,Reginald Smith
296c8654-6689-4a1d-803e-c716a3297df1,Ian Tapia
22810167-056d-4ac4-98d6-d5831ed06caa,Brittany Peterson
550d854d-66a0-4b08-aa60-ebe6124249f7,Kimberly Gregory
b2dfc083-092e-4322-8823-b7866d38f7d6,Nicolas Kim
377bdec1-f5ab-471a-8ddf-dfda3b24f24e,Justin West
b746a0b7-aacc-43fd-9519-7466b256df4f,Sarah King
9db2a343-c1fb-46b6-8fbc-ff43f6a8fe33,Jason Rodriguez
23512204-38a9-4990-a114-1e70d72397f9,Jonathan Schaefer
6778d317-bcd6-4ef6-8bee-88f5412ee95e,Daniel Wagner
ca888490-f707-4244-8f06-4d51cd8a641a,Christopher Mitchell
2efccdff-9a65-4f58-9adc-7c6a960175cb,Melissa Pearson
c5dc810c-3138-40d8-b8cd-da770039979d,Brian Brown
c097bc6f-7b79-4ec6-a452-3bde0c223b3b,Michael Steele
46056077-c2b6-41ca-b5b9-f95970353797,Lauren Waller
ed65eaa9-817a-4a97-9824-af67479d49ee,Steven Edwards
3944bcab-6bb7-4b6e-b9f1-dfcdb516909c,Henry Strickland
2738cde9-7e56-43f1-8d57-91501e9327ef,Anthony Silva
425ead26-840a-4fe5-a176-db58ddc8f2cb,Samuel Wise
dd28a225-63b8-401e-8833-97b11f078c28,Michael Smith
ebc86cc9-1b71-4105-8576-1dce4ea5ee7f,Gregory Good
52c09c2b-9ae7-499f-89f4-8751919cae6e,Rachel Martinez
fd571b7b-032b-4804-8bd1-981f3369b3fc,Michelle Herring
41243944-10fa-488e-8326-6bb6aa26a62d,Sarah Porter
fa725770-9e1c-49e7-9675-cef506a2b7af,Rachael Kelly
7776c7f2-106c-4f4c-858a-23bd59c97f00,Mary Nicholson
0285ce8f-4275-4600-bdcd-9e05b4da902c,Brendan Atkins
23390651-173d-4a97-ac3b-372532b42cbd,Melissa Gonzales
f4f668ce-608d-4ab2-b7b4-b2708219948e,Sally Olson
ab965b51-58bf-4ee7-ab6c-492dbd3822e3,Jill Johnson
d4aa2e05-f73f-4d2e-8d36-ed0c3f5da765,Dennis Kane
69b5e38d-c48e-434c-be0a-cc3a55908565,Michael Flores
56f92268-2c9d-42f1-8e2e-12b3f2061cf8,Brittany Morales
fc0c493f-7bb4-472b-92c5-f3afe0fb62e5,Alicia Finley
1a7ae898-f19b-44e3-9cf0-f8613acfdf8d,Jacob Ortega
f390c62c-cf06-482b-a765-d6dcc72f45e8,Steven Atkins
63d9742e-a33d-4148-bc78-ec40324105cf,Randall Reed
e3ec8843-e1ea-4744-a8e7-40d4314d5611,Amber Clark
1caee637-8e42-440a-b0b0-5762c51e2340,Stephanie Brown
e99aead2-4c44-4fb9-8527-4165aa6a6c2e,Jennifer Manning
a3dbfa5c-83a5-4ca8-bb1b-f68cf67ccd12,Wayne Baker
87b60043-9130-448c-946f-4822a9f2bb9f,Cynthia Thomas
24fca5e9-748f-4671-857e-32c1c63e4ade,Christine Waller
3ddac20c-ac10-474f-a88f-895f349486bc,Dana Hensley
1d6325c3-3a31-4586-9723-c293a97ed40f,Paul May
92038ddc-0d51-451b-9d22-fabcb15010ca,Dave Murphy
88962953-31f5-49c4-ab7c-9f2323a9e087,Nathan Webb
73a0d246-e578-443d-83f6-03a487e3ec0d,Kimberly Morris
45420c1b-2580-4912-be0c-e07d80702b35,Sarah Miller
905ca444-c611-40dc-ba14-8eabaea76a7f,Nathan Cox
7abe5887-b04b-46ac-88f5-ed1f28e35aaa,Karen Bennett
63a71a91-5488-42d9-9d18-a71b3a8305f9,Kristen Jacobs
528f091e-e2f1-49b6-a717-43f998abdadc,John Yates
56c0896e-7ba4-483a-bed3-9494208f4a37,Kaitlyn Branch
2b3de63c-8d97-4f2e-b783-6cce83a91242,Roy Phelps
c57b070b-3b76-46b7-a71d-f190eb3c48b2,Paul Cohen
9c27b980-b97e-4998-9471-bafa6b6973f1,Kristin Lewis
00add5ee-ec9f-4d59-a4fc-eb87b614f947,Greg Acevedo
299b29c3-20dc-4178-87a6-cc7c0d69f98d,Joel Young
d3905d4b-fa16-4dde-8066-c2e979484b70,Mr. Jonathan Taylor
5dbf9b6e-5d45-4fee-9cac-2cf149a8318e,Kimberly Nunez
6aa770da-80fa-4a2c-9182-33be74e81617,Lisa Palmer
daadb976-821c-4751-8bb4-7633f7100dbe,Richard Richmond
fed22106-0a1b-4ad0-8dc3-580ae8a24ecd,Monica Bender
72c229db-ec63-4067-b4ea-d787efb0abae,Christopher Mason
47bf81d8-64c1-4448-aacf-19cf8ad2f861,Kimberly Johnson
5685c7a5-05c8-4f5d-b735-692017b0f67d,Melanie Mendez
29fd6074-e71f-4c40-968f-69d1ec975d41,Melissa Vasquez
cd712491-c7c6-47e2-b322-36e6631f7802,Stephanie Price
0a4ab527-c566-4892-8b95-aab3d786580f,Philip Lin
93501f15-0e36-4f16-9bff-87ea015b1711,Latasha Spencer
8430f323-2bf1-459b-8390-bc34b49a9662,Andrew Foster
79eeb4ea-15cf-4707-9704-8cbb068258cf,James Santos
f96fa53f-7bb5-4fb2-940d-8ab273fe4773,Lori Rhodes
5604879f-4889-402b-8acc-bafd86507168,Audrey Marshall
c9d58667-2091-47fc-b841-c41eb3adc9f7,Robert Robinson
cacd8112-885c-4234-b7c6-02c8fcaf07e1,Daniel Smith
fc4f3f6f-8cc5-419a-90f2-dc06a8ad891c,Dawn Thomas
aa2e49ce-c4b2-46eb-a686-7ea6e692e0ac,Kevin Elliott
921b8ee5-f9bb-44fc-ba05-3f11d091a228,Amber Coleman
a0116749-996a-4f74-8db2-75ac4fa150ba,Melanie Cervantes
6fbbc2ff-265e-43cd-b790-af5b8acf1c24,Brian Estrada
91a98745-4778-47a8-9512-d541f8397f0a,Patricia Patterson MD
489f5fec-9345-4e35-b311-dfbd592ec020,Ashley Ross
fd42596d-53d5-4cb8-9905-385322bd8bb3,Jeffrey Foster
0e8a0b92-d112-44ba-939a-e57e8e7710a6,Corey Francis
00d8ce03-d119-4fd1-91e8-b56fbecc9581,Gene Frazier
c6b444d6-f0e7-4464-ac17-38ab9681c613,Susan Johnson
d0f82db1-8018-491e-b153-0a20093598a3,Adam Murray
78a08e02-b7bc-4113-ad0d-f187af735a93,Carrie Franklin
0c6c52cb-d7e6-4685-9bf0-d5c90a194689,Kevin Wheeler
a3877478-c56f-4fb4-945d-e4b040ba56a8,Jeremy Martinez
1e646f24-ea04-45b4-9688-797a95ab60b6,Paula Garcia
be1af270-ab56-4770-9782-3b135dcbe6a6,Elizabeth Lewis
a85e7499-6080-4100-8c64-83d2d63e3dbc,George Shepherd
40bd4fec-ce4f-40cd-bee4-ebc27e68f6e8,Donald Robertson
8bafa202-2ce5-429e-937b-f2980b138ec0,Leah Miller
fcf52ac4-00f5-46d4-b5d3-180e8656cc6f,Natasha Montoya
fe404931-148d-4306-b1e4-300bacede2e9,Jason Ashley
eabb22d8-fca9-46fb-8d08-0f85c5530745,Elizabeth Snyder
91c0a80c-150b-4028-9b7f-60d4de709390,Kerry Tanner
cd260972-0a4a-49b2-b3e5-5001e187befc,Jon Rogers
ac6fc441-0a87-474f-814e-b316ae12c9af,Christopher Williams
c60006b9-b1fa-40fc-8deb-ebc2cec62657,Roberto Hull
e91d4990-30c8-4604-bb60-e744b1f9dd08,Joseph Murray
ec33f935-26ae-46cd-9295-9d35bc9afa93,Matthew Love
5b40af12-a84b-4f17-8fe9-5526df93ab59,David Gomez
ba9b6739-673d-4a8e-9603-bf8c3d4055fd,Jasmine Peterson
7c66ade9-020b-48b3-8cda-3b89d635be17,Valerie Howell
2fe7d1b7-e77c-46e7-8f48-75051b7997ba,Katherine Ryan
f139fd08-400d-4d55-b518-a735c6cfaae7,Patrick Holloway
cf5c30e8-718f-4b54-a41b-1ecbae3dd629,Sharon Johnson
a3d5e762-56de-4423-8b51-882488b3d75f,Sandra Farrell
6f32e2e4-2550-48ac-975f-5f119733d173,William Clark
dc2ed9fa-f7c7-46ff-8c91-c1cb8e3b0165,Amy Charles
6a321441-8195-4f0c-8424-883213b0c61a,Mark Smith
387a26e0-3706-46af-ba01-c32fcae76704,Gina Porter
c3d36750-0973-4b6f-8db5-d17bd232395f,Jason Parker
d8a05146-e128-438b-9273-5425bde1d059,Brian Porter
0609c62d-ec04-4a9c-b05d-8be1c66a4a08,Charles Romero
fa272a49-9577-4969-953f-3d3327fbd754,Aimee Oliver DVM
9b6cd848-405e-4270-b763-f8e9402548cd,Bridget Vasquez
5fdb0ef3-4235-4917-bb75-c0d150cdf41b,Cheryl Robinson
d7540ede-18e0-4ce3-8045-234fa5422868,Natalie Hatfield
a763f9a2-d6d4-450a-9394-f94b47c5de93,Mark Johnson
9344a9a1-ca87-459f-8cc8-e7372c036675,Stephanie Powers
7ae0c1c1-96d5-45bf-99a7-389644ba4095,Sarah Ibarra
b36ef18c-0318-4c91-b842-3b67846bc593,Jeffrey Silva
990a4211-b46c-4132-91c3-7813cbde5a37,Alejandra White
cc3435e3-36e9-4c60-9d53-81d040af9ff9,Jessica Duke
b18403a8-b44a-4bdc-957d-f2d402d03615,Sarah Yoder
4124960d-f418-4930-8f99-1815a84a7ec7,Victoria Cameron
f994cdaa-96c4-441e-a716-8f3c12fc49ab,Christine Morrison
dd94cd17-aecf-482e-b635-5007ceff1fc4,Tyler Ramirez
8edd132f-a6d7-411d-9990-0569414a5625,Elizabeth Cole
63c9d7ae-8c9f-4bc6-8a7d-de783b5a7aac,Thomas Garcia
c39b2d9b-f332-491f-935e-d72fc5738a12,Kaitlyn Taylor
01378bfb-89db-4d71-87c0-14a3e04da192,David Barton
69ab6b2f-056c-4a21-879d-476f4728bcc2,Anthony Dunn
489f0a4f-5803-4fd6-9039-06822fe029ed,Sara Dominguez
4cfe33a9-dd6d-4575-8aff-4533a75f4f94,Julie Wyatt
b1d7fa52-8015-490b-9d00-735a11fe0011,Ryan Cain
f37b771d-a151-4fa0-b30b-a4cdbeab6007,Cheryl Howard
2cb0dd57-33f7-4877-80a6-7d53b883e135,Jeffrey Boyd
18aad545-4a13-410d-b61f-e0816cc4d451,William Sampson
5e527018-ad51-47aa-8299-1397366fcab2,Samantha Miller
b53788dc-253f-47e2-bebd-8d7cd310b6b8,Claudia Jones
e89efa13-4794-4345-bbcf-01714fbbbe1d,Jean Hansen
f43c5530-7ecd-4f4e-892e-9203c475097c,Michael Leon
45768743-19fa-4f8b-a12e-07f01f829761,John Golden
e7bbd9a0-8203-43bd-810b-d249d6c62b90,Melissa Wolfe
cfeb4723-971e-4dd9-a5ca-79e92c644569,Jennifer Martin
7f1fc28b-0f6a-4cfb-8f52-59d63eae3213,Kevin Booth
d2847e5c-898a-43aa-be91-9becadcbf714,Jason Krueger
d3c78c3c-8332-4b1a-a0a0-b5bc3fedd74b,William Trujillo
35cc61d6-88a6-4aa5-92ff-bb24ae5c167e,Marvin Kramer
e2cbc10e-ff15-450a-a8b2-3504f7d484e7,Samantha Holmes
02003dd1-82bf-4ef1-91ab-45110dc9ee46,Tina Grant
0470f69a-3fa0-4ee8-97bb-664f1028dc52,Lisa Aguirre
400ba879-afee-4a12-a9ed-bad8914ad014,Sandra Myers
9cd3b1f5-95a4-4602-9c86-89861a6c238a,Michael Khan
eb9d3958-4579-4366-96df-367180e70358,Pamela Rosales
c3684f2c-4263-402e-b1a2-56df0beccf6a,Cory Thornton
b71e2608-b9dc-492d-8c54-6c68d0639f56,Sarah Hatfield
af281840-d25d-4c1c-8fcb-56daf4e03baa,Erin King
e1392353-a31c-4d50-b89a-0348437fa39e,Christopher Benitez
d1185ff2-8605-4521-919a-084205dd6c3b,Melissa Allen
39a7f277-3dfa-440e-8ec2-ec18508f78cc,Richard Stone
e06482dd-e3b9-471c-8f78-e0b222dee613,Ashley Martinez
1dd0b9ea-5da1-40c8-bdc9-503051b68857,Carrie Johnson
e55f80ef-8061-43d8-bec3-60ed836d2af7,Kevin Tucker
ea720c34-6a12-4f58-986d-cc230ddd556c,John Dunn
104d469d-a587-47f0-84c4-9706e894e1b3,Ashley Jenkins
fe2de8b4-7ca2-48e8-991e-0da5ec9b660c,Marc Green
77a46573-704e-4525-943f-18e713866c31,Misty Townsend
ce7bc88a-7141-42ca-87f6-247878e70b32,Christina Johnson
56fed0bb-9ee6-4476-905d-14fd0bb723b2,Shaun Berry
e5600942-826d-48d6-8739-68c13540c1e1,Brian Bradford
fd4c1f59-6dc4-432c-b75a-cb73c70684db,Glenn Lee
f4dfbd92-6054-40d4-8a8b-d8ffc72aba2d,Daniel Gibson
54e15651-77bd-4976-aa39-44b5f9960581,Amanda Hodges
ad8a2bd5-be7a-4a1f-aa28-b87f35010e0e,Brian Cordova
31f40e95-a9fd-4717-b87f-af7c0abd723e,Michael Mendoza
1f1e6d25-1079-4d18-9b65-ee8365837fd6,Misty Robinson
8e85560c-819e-4e1a-9550-aa91320f86ed,Chad Willis
db69165a-a346-477b-ba55-f62a419e199d,Jose Butler
7843021a-911c-4b6a-80e2-09dc2c102ec8,Katelyn Warren
a40c9115-4a5c-4d56-a6ce-02637f7990ea,Lisa Mason
fd5e34b5-8e0b-41d7-b57d-8405fb575194,Mrs. Shelly White MD
8ff5e13e-f55b-40b0-ac76-87992b901cbb,Nicholas Colon
4ab42f1f-7b36-400a-beba-8beed3b72446,Laura Holt
43c4e085-3e9e-4f2e-9554-c72cdb6b4956,Jonathan Johnson
0430e2a0-85e2-4553-8a74-ad34f6172aa0,Janice Valdez
f1c07611-6266-4372-beb1-49719adb9caf,Ryan Garcia
920f967d-4873-410d-94dc-b95695970fe0,David Foster
4108bed5-a743-4509-b97c-bcdaca79ed03,Danielle Anthony
563789a7-0f0b-4e16-93ad-e1559fff4d2f,Elizabeth May
b5436133-6d36-459d-a469-9c577edbc88e,Jason Garrison
1480f2cc-7e4b-46f2-961c-f8d35556bd4c,Douglas Coffey
96ad8da9-8988-4679-8a7d-30287f6a7369,Daniel Schneider
88ec0b0d-b1c8-42e1-ae75-84c4e074156b,Seth Atkinson
ee57b79c-e2e6-4f4b-81c3-442f6b2a7252,John Fischer
fa06c5f7-dfd5-4829-a1b4-db8dbb624880,Seth Frazier
f100659d-5f1f-4a89-a29e-9c0fc6bf876d,Denise Clarke
fb01e732-fb29-4693-b5ed-de9c0c48c49c,Janet Robles
7af652b0-9326-43b9-af54-32b21c191b28,Dylan Dickerson
9e8c9dd8-9683-4766-a589-38170a77d058,Theresa Williams
a99805b1-0865-420f-924f-584b6a71691f,Lori Butler
134bdfa6-077f-4c98-8ea4-ebfe272fbc51,Joshua Proctor
e935df83-9c10-49ef-b295-8d644be57574,Linda Contreras
2cbc5f12-b1cf-44d1-b722-c39ca7f77f77,Rachael Hobbs
9085976b-1b96-4d4e-b02c-37615e166e5d,Miguel Ruiz
f3e6063b-0244-4c03-86f3-9d31c9c73e2a,James Gutierrez
4fc496eb-9a7a-4c2b-b5c4-ecc6da95fb4b,Suzanne Farley
34a8d798-d70d-4b89-b36d-7564b4a94e23,Julia Sanders
43e7de22-ed80-4e04-a4c6-cda6c561513d,Benjamin Thomas
85595477-a169-44b3-a1ad-0e6d5416bf41,Dylan Anderson
874dd5fb-31be-45b6-984a-994acc19f410,Robin Vargas
bb79da82-7e1c-4e17-acee-b668479b5193,Latoya Garza
e070c59d-4463-47df-81d7-beefa4fb201a,Elizabeth Chapman
3de7b801-04ca-4980-912e-7bd9d2961b20,Janet Griffin
2a2b9af7-5ab5-43f1-93fe-141c41384cfb,Matthew Chapman
456b7557-78d1-43a3-9518-2b29bb1ecba4,Daniel Coleman
0a2f6435-014f-40a2-a01e-8a2fe07b0373,John Simmons II
4a41f3ae-c9bf-4003-9c07-6a741a8b7312,Carrie Abbott
590c67d4-c72a-45ce-ba56-4b10f8843d90,Gregory Garza
f5545375-cbeb-454f-9976-e4945163f1ef,Jennifer Garcia
8f8295aa-67cf-43cc-bdf1-71a832417822,Joseph Boyer
df7e505f-a94d-4a55-9042-300600b71b56,Michael Lucero
4daba14b-8d1f-41b3-a990-b4a780a03e8d,Douglas Burgess
237ee6f9-6db2-45a3-a2b1-7a3cf4bce3cb,Marc West
612fe172-8d45-41ed-a1c6-0357cb98f725,Michael Garcia
bb006a20-d303-4894-b12b-634a6b4972fb,Ryan Byrd
cab2afed-5b3e-4b3b-9a46-36e09d8c2950,Kathy Haney MD
29f6d9b9-168b-4c06-ba7a-dd10cbed86e4,Charles Adams
89bb148c-ce5f-47b1-8754-af7d400c40d6,Mark Mitchell
c1f14e9a-4b78-4cb3-a9cd-58116470f3d4,Margaret Houston
fccb8c46-b474-4a7e-b358-496eeefde2bd,Barry Maxwell
0c7156cd-1fc6-4115-84e2-02ae6132d23f,Katherine Zuniga
059b4c21-0190-49a3-80d9-864b92f57880,Megan Mcdonald
84947fe4-1c6e-4abf-987d-a38af958cd6c,Vanessa Gilmore
00805892-ee7a-4a96-89ad-b9137eb9bb4f,Christopher James
da6712a2-f669-44f1-a5b9-b7c7eacbecb3,Jacqueline Wilson
1c3bd68b-2125-4457-b3c1-955a70224473,Maria Macdonald
dfcad859-f7c8-4f40-a487-59a541e26483,John Brewer
982ebb67-884a-43f5-b46b-0a69b67bf104,Justin Perry
5d92ded1-86bd-4236-b470-5d4c7831eca8,Maria Cabrera
65018ec5-0357-4418-b7af-005c1668d62c,Diana Rogers
6ae0b03c-bb19-4101-93f2-c01b4b482558,Stephanie Reyes
68e4998c-8eb5-4003-9d21-8be579ccca9c,Sara Spence
2b8c81ed-2393-4f5a-a4cb-1f874b549bf8,Joshua Gallagher
7d15dc12-d5bc-4046-a674-f27b6cc9124f,Lisa Mason
6fe0c003-cf44-4564-9c05-3cf40754c298,David Byrd
90ffb9ad-7b76-434d-8b0b-1611da97acb0,Rhonda Ward
1650d454-18ac-44a1-9dd6-3fdd73672b78,Laura Jones
725304fa-01d0-45fb-9817-76adc8dda114,Paula Mcdonald
53ab99cf-b834-4ee9-a8e3-e2d0f9c598ed,Dr. Alex Butler MD
7d7e1e9c-f4a4-4e05-a28c-9df1d875cb28,Patricia Collins
ea671536-ec02-4d4f-8393-9b6d5303b4f5,Billy Hughes
0cd7f6e1-1aa0-49df-9386-b93f82c044b9,Daniel Marsh
a15fc5a3-493e-4b40-8a94-e773a9269f5c,James Maxwell
470aa754-b6ef-4e9e-9083-cee8086b3f6b,Aimee Dean
f912faac-eca7-4b78-b068-202b8b7e91a5,Jennifer Stevens
005492d4-0335-439c-8e62-fd6b1fe5cc18,Sarah Yang
8489da11-6e4a-4151-bf9d-293ff0f39cdd,Keith Austin
47ca2d33-fc61-4462-9b14-3e01e75204c5,Keith Phillips
38474bbb-bca7-40ac-9aec-4d24f647c4d4,Kathleen Hudson
bcfde74c-382f-4f59-a18e-2f2bf706ef61,Kimberly Gonzalez
d2994869-16e0-4280-a134-2eeca919cc76,Alexandra Chan
1416d8c8-66da-470f-8512-50486690c810,Luis White
94f15d8b-671a-497b-b3e5-e2fa8b5ee57f,Sydney Eaton
d27d5134-b16c-4a78-b5e7-f96a94d6e72b,Douglas Vasquez
08477aee-e9c0-4066-b9d3-c69db8eb75b4,Desiree Scott
1ff3ae18-43d7-4f39-a9eb-e915604377d1,Stephen Sloan
9f50c5d9-0280-4010-94a5-a9fc740eb753,Andrew Hicks
8215f7d7-dd1e-412c-af07-ce9170612df9,Steven Robinson
6bef374c-02a0-454d-b103-6f14badfd6c4,Christopher Cooper
817edac8-309c-4da8-a09d-63224ca695d8,Mary Alvarado
14ec5b32-c561-491a-ad22-7c3511cc7f7f,Dennis Johnson
63fa781d-4458-401b-af90-0982438b856e,Scott Webb
cd79629d-d64d-46ab-8375-e6ff7c92d751,Dylan Smith
84e4154a-0743-489b-af54-2a1a6ed20e72,Christine Gonzales
fad3abc1-d55c-422f-a3c1-18c736ae91b8,Matthew Carrillo
86cd18f8-0155-4c28-bbd1-80834d9303cf,Carlos Campbell
41cf28f6-8281-422a-9ab6-0ef09a384e48,Corey Mueller
a27daa78-4974-4ad6-8f2b-9c449f7374c7,Stephanie Williams
311851e6-9a68-4640-94e2-047380887e39,Kelly Pearson
4362d9f5-4dda-449f-bbac-3fb48e51307a,Christina Williams
0527eb41-1a37-4236-8312-c565f3c702f5,Ryan Nash
b907f43c-f6a1-4b94-a97f-1734aaa47d51,Jennifer Sanders
532fe78b-b9c8-4948-8859-78756ac7e566,Pamela Davis
5d80db5b-9710-4266-8cdc-123313de131a,Edward Young
d4aafaa9-ba03-44fd-a9c3-d71d1b7397f8,Sara Martin
fef1027d-7b78-415e-b14a-a183f6152d50,Mark Barnett
02be59e3-5188-4db4-aa8d-4de235c5234e,Paige Lawson
4e2f2025-d75e-4a4a-8c60-19b4b0b076b6,Sean Barnes
5469b99e-9bb6-4d98-bd4e-8c7db2a2e2e1,Joshua Simmons
a851a7fd-e601-4f55-9a9c-263b07ee54e0,William Parker
4d0345af-3adb-46ba-80eb-5e3cfd872d27,Kathy Brooks
3dbba7be-101a-4088-b76a-43a74a37e221,Zoe Graham
9f16d168-543b-4ce3-9cb0-c587ddb0aba9,Teresa Humphrey
2f90dda0-c318-402d-8206-6f3a41531e02,Lisa Roberson
4ff4c88a-d69a-4137-bede-7d12e729682b,Traci Landry
d2d5da93-3b06-4a59-9768-45662e00a1d5,Joshua Harris
09cb2e27-ede8-457d-8112-3d9ba9fb3ffb,Jonathan Lewis
d24b07d6-b9bb-4e6e-87c8-8769ebcd77d6,Amanda Snyder
3d5cc180-bb43-4e45-a9ab-0ea0ab052641,Derek Brown
0726722c-11f3-4e42-8de5-e0b7b5f73903,Shawn Cummings
978b11be-63ed-46a5-8518-a253e6fce1a8,Tyler Miller
f3520d1f-6abc-4c8e-8d7f-8fb8cde8b055,William Joyce
dee48d24-f91a-4376-8e84-d222eb0a25d1,Wyatt Hickman
10902490-e548-4073-8dfc-1829d8ec7883,Jonathon Williams
72488002-4da8-454b-97e7-a66a2ad0ed5a,Lisa Lopez
f44d4564-29bf-4782-a008-641d5888a26b,James Calderon
b739724d-0f4b-4dfb-8bb2-bf973ee9eaf1,Sherry Thomas
a36e8b78-89f8-4651-9f6e-a117c96827ca,Stephanie Campos
c29ac9fc-c172-4e91-8109-e59a5e6fd988,Lisa Murray
3fcb4cd1-f044-4c6e-876d-2a4c00a544ac,David Perry
7c071a88-1c96-4158-b7d9-0fc154afe001,Traci Hicks
2eacca1d-af9c-47b4-9380-ef1ee3a8df73,Jennifer Robles
2d4d7f64-6e73-4cdc-a510-716b26a4cb75,Stanley Crawford
43c4b76b-c509-4fb3-91f4-67f4b5f0eda2,Natalie Hatfield
ee6058c7-b4c4-408d-acdd-3820ad09ce0a,Margaret Roberts
c671ab8f-ef87-4e88-a804-d68a988a2f77,Ellen Crawford
ab39d7b5-5cfb-407a-803a-2e218bbdb6ce,Leonard Jackson
f4b396e3-15a7-47c0-b87f-15fd4fa0c616,Jeffrey Gutierrez
45178df8-9307-439e-a552-745e0ee3c885,Daniel Burton
624f19af-0ad3-4828-96a9-8decc73dcf79,Tamara Odonnell
53a776fd-8cb5-4027-a88a-aea0424a7774,Tyler Spencer
044e7a5e-fdfa-4b1f-a4e3-1672ddc9d58e,Miss Carol Garcia DDS
3377c470-e0b9-47aa-a07e-8fdd9178cc09,Kathryn Mendoza
5dbaaa4e-3e8a-4117-a66c-901d0081751b,Cameron Smith
80ee1b47-2ba9-4ad4-9686-463b14b8b6df,Elizabeth Arnold
ba4b6743-ea91-4126-846c-2fd6d61f5b16,Elizabeth Walker
a5e523fe-30cb-4d57-8a84-3486223e8f2f,David Donaldson
b4946981-f7d5-49d7-8ac2-9ee1353d22a0,Colleen Johnson
be796bf5-877f-49df-aab3-eecad8138767,Melissa Larsen
48e43d2f-4ebc-439d-b679-e6c1ede6d42e,Daniel Monroe
ef8d3d4d-045d-4560-b137-a626c64eb3f8,James Mitchell
dc2d2f82-b3be-4319-95e4-54b4a442ae1d,Carmen Arnold
df7b729d-9cf1-45ca-a6e4-49cb9aeff319,Karen Pugh
f9030ab8-5ae0-46c5-8752-02dedd61bf76,Michael Jones
433fb53f-dd01-40de-b854-0227a34b9c0e,Richard Baker
e0924519-37d3-44cd-82ec-da9311e484a0,Gregory Glenn
359314ab-f5af-4aa0-9e08-da91a1563380,Scott Cabrera
bf4a5eef-851e-4ffb-a9ae-982efb198171,Michelle Wiggins
35bec8dd-8ede-44da-a2d5-34f11f9005be,Tracy Powell
97b66d22-b66e-47ef-88dc-128d37a69f87,Sharon Sutton
811403ca-d329-4308-a62a-2c935c2cca19,Wanda Diaz
563f1278-65e9-4091-9374-2ba573ced66f,Victor Bullock
e76f7ac7-9949-41b6-898e-4250f7317ab5,Jasmine Knight
eac1f7c8-3420-4692-b46e-75399eab3463,Charles Bolton
6077ee87-0ca3-47de-82b5-5d18cab9bb0d,Vanessa Sanders
8763e1ba-acbf-45cb-bcda-9d29b02c2e35,Amy Simmons
0aa76d6f-f9a0-4cf3-bc3a-810416d33268,Angela Clark
142dce81-3a35-4c87-b446-404dd71d6241,Amanda Fowler
20b2b49a-697d-4a59-af19-a6329ca268e9,Emily Butler
c67a0ada-f150-4785-9c6a-94165cf91c61,James Lane
8e3e84a9-c30d-445a-88cd-524cae488aa2,Henry Zamora
c141c004-b4c4-4199-a059-434b2b7715d7,Alexander Johnson
3d51ed4a-7dff-468d-bd1d-5099d25c16c3,Matthew Rogers
2100e7e5-bb10-4c51-a8e0-76c6b356511b,Mary Wright
3f67756d-9cfd-44d5-9ac6-08b8e05d6f6f,Elizabeth Perry
9b5f5cc9-1cbf-49dd-9bf0-ea389857728d,James Ramirez
5a5dc549-b948-4384-9a62-99325b72919a,Brandon Small
2876fb22-d539-46be-bffe-45105a91c7b8,Derek Cox
68621048-303c-4677-bb68-bc2876932678,William Reyes
bcce49f6-a308-426e-95fc-f3da8e4d275c,Madison Mann DVM
1a192706-c98e-4452-b697-0e47c01605e5,Edwin Marquez
1d2bc62f-3f81-4302-8ca4-738b62037d52,Monique Martinez
e649440e-24b2-4bc1-9184-a301ea916387,Ryan Austin
5a6802b9-9899-469f-9996-917ec4ce811d,Benjamin Adkins
1a93986f-d92e-493c-92aa-c1d36c4275c4,Daniel Chapman
5126a74d-5d03-4a42-83f5-bc80dac6cb6e,James Beck
243e7e67-e705-4e7e-a301-d6c9181be22f,Cheryl Patel
4565a7a7-12b1-4adb-8a48-44c1eadea4f9,Michael Macdonald
9f9a1794-2778-4a08-9777-81629cc97c2a,Michael Baxter
901235fd-2516-482c-9066-6d12c3f63bd2,Michael Davis
495f59b7-9ca3-4c93-8458-de7155b1cf05,David Alvarez
a42122bc-3da7-4a44-af1a-8c2aa3e90b8c,Audrey Campbell
d247d03f-16b3-4228-8f67-dd57c8b1c0e0,Sarah Edwards
b660b95b-6a71-4fe9-a655-670fee57ee01,Kenneth Wilcox
8a30ddc5-4e0f-42f0-adf7-5e5d5cf10ee1,Mr. Alfred Reynolds
bf64f929-3585-4656-844b-f68dd48d6c4a,Mrs. Veronica Murphy
491237f8-fafa-4e97-b834-67eaba068fb9,Mark Guzman
b45913de-b897-4bc5-ba16-d4836e8b381d,Kimberly Haney
a07a4c99-0b8a-495c-9262-9f0dc51ecccc,Steven Vaughn
980c4f1a-82cb-483c-8692-aa3d24449582,Kimberly Jones
181f3aa3-fa55-42a8-be9c-37a146afdc97,Jill Mcknight
51855614-2b05-4484-b89d-7d8f68fe5966,Alyssa Martinez
2085c1b9-e4d6-4fbe-9c9b-3a97f28a3f1f,Jacob Mccarthy
40d28bd5-2f90-41cd-975b-678bc248fe49,Margaret Lopez
db06bd56-8039-4837-a561-bf32a23fc25b,Teresa Evans
8ffb1067-274d-48ab-a66e-e197c1262ffb,Carrie Silva
6e839e23-3105-480e-be31-c7a803a05550,Robert Wong
7b521794-e783-4866-8de7-15f77de8ff75,Vincent Carr
db0ea330-3de0-4284-8a37-d4f07ff24d94,Kim Porter DDS
b762481e-4402-4c1e-96aa-c039536e668e,Amanda Martin
7f36c942-2ee3-456b-9544-25799b468033,Gregory Rodgers
30811d40-c574-4418-9a94-f485202f3ec3,Jeffrey White
529154be-d437-4526-b0c5-afb46d864ba7,Cathy Hernandez
2adf8df2-7953-46ff-89ec-7132f066f469,Ellen Henderson
ce65ef54-5234-48e6-8fa3-558be4a18e73,Jonathan Lee
95cbb4e1-01b3-4d14-ab34-29357ab93d2d,Dr. David Murphy
65c5b411-ec14-4658-9b3c-2a825c06f36e,Victor Reese
b200d080-4b6a-404a-8d8e-ffb8908f669b,Kathryn Black
2d43eca7-92e7-4138-8dda-b0dfd19acc5b,Jeffrey Brandt
ce140a34-ce80-41ec-a6e9-fa7aa5a73787,Renee Clark
4a00dd41-c0a7-4d3f-a173-95759951b86e,Andrew Rosales
670f7143-89d0-4bb6-b72a-8f8bbdaa1650,Lori Murphy
4778c710-460a-4868-825b-d561c7839f34,Matthew Roberts
e149f57d-ef6e-4e31-9527-ece828e3edec,Julie Fuentes
7c70076c-7ba9-4ab1-8c2f-8e0a345d40c0,David Reed
c85e2f67-94b2-4f5c-b17f-605e46d904a1,Rachel Watson
e44dd30e-b1b0-48bc-b865-d862d05552ec,Andrew Anthony
e2193be8-6d19-4931-a6b6-15b4e1fcf124,Dana Moore
8a0d3752-92ce-458c-9927-386a416fb18c,Mark Olson
2dd80852-c202-481a-8d74-7707d8d3c0b4,Jason Chung
a1169f6f-bea8-4914-a4a9-fcad37843bef,Patricia Joyce
2258b920-41fd-4949-bc70-447f1b8877fd,Pamela Rodriguez
5e3f74d6-d6b5-49e9-ac83-b88541359479,Bruce Henderson
bc387a19-9732-429d-ae10-2da99fe26a23,Nicholas Cohen
90fbb267-2cc5-431b-ad60-1412f8001f9b,Victoria Russo
573f4450-a189-40b8-b855-dcc30178f3fc,Henry Flores
75010af9-1dc6-4670-a108-89677c8c027a,Benjamin Jackson
278ba3db-ba57-4412-ba72-a78a43a6b391,Heather Henderson
d7286067-ef2f-42a8-b406-d4570f4bd7e3,Nicole Johnson
072e52f1-1a41-4f89-9493-30cf35d10bb2,Karla Vang
1bc9d3c2-038f-4416-a689-97b97715f816,Christopher Cain
6f11ca54-d5d1-4e53-a4ae-eebce3d5bf82,Jennifer Richardson
c35eeff2-f4b6-49af-9807-b1e40e737ccf,Donna Crawford
54be8576-9b27-4044-a6a9-1ed518ee563d,Erika Roy
cc05a874-b8d3-4e71-ac16-7af70487cc29,Omar Reeves
54f7dfe3-f6ef-4d59-a574-e8ba8fb3da04,Carolyn Ramos
a88a991a-a806-474d-938f-63e934f845ae,Michael Hernandez
08c08753-ac1e-40cc-8415-d80149a1eb2c,Ashley Ross
06a22e5c-1c19-4d50-868f-a7c14da89de0,Matthew Rowland
de2bb9ef-348c-4337-81c2-edc5430174cf,Roy Stewart
301e2b60-5ed5-48b7-8292-6db7d4c3d25f,Paul Black
85b6285f-32c9-4913-aab6-35dc418f459c,Joseph Pope
89672628-c2be-4a29-9317-ec41efde4cf8,Nicole Bailey
df049309-0284-4f71-be6c-5d3a84d8040a,Tyler Hicks
e34d2093-79e3-4c7a-bab8-cbf20fa3c445,Blake Matthews
c3837a83-cf74-4d3f-bc23-c07c5237c0b5,Michael Harper
76d63233-e336-4035-9a5b-b38b003c4d8d,Amy Johnson
89e20f4b-b34b-40aa-b476-a92a15689804,Carlos Leon
48488c5c-8822-4cab-8869-bdb267b85dc7,Cassidy Jones
a4a9f5e9-2c8e-4e6c-9268-23e372c56aec,Melinda Torres
01d5baf1-f3b5-4e69-8854-bde18cadb9eb,David Freeman
5d8ac8ad-310a-4ce7-9c4d-1f53b7fefe9e,Stacey Ferguson
81d52a38-2a6e-4cc6-a781-0106cb34e1bb,Christopher Ellis
562efa9c-4046-4d3d-8768-c2afb5c22b67,Henry French
4205f98a-521f-4f3b-904b-ced713eac996,Jeremy Hernandez
067104ab-193f-4bc8-8fa9-0d73ad97b726,Carol Vasquez
477a0eb1-a1ca-41ba-96de-a9992c557a60,Kelly Wells
9ad9a540-8884-4b9a-927c-2ade249af6a3,Robert Cortez
b5271f81-6727-4b7f-a72a-ae9c20743496,Angela Compton
9cfd5ab7-5226-4722-b076-2ec3be3c4c3d,Joshua Mann
55a65769-fccc-48e9-946a-77a5a33689c9,Shane Barber
6c15e930-7811-4321-bcc0-3063b04399e3,Cynthia Gonzalez
f8815ca6-2656-42ad-8b8c-d26ef1271621,Cheryl Jenkins
450c1d3e-a0f1-484c-9590-322b76259914,Amy Ford
ff09ab27-4203-492f-958e-8f13b309d4ec,Raven Johnson
e9a3bd67-7052-4b5d-a283-49f19787576b,Brenda Kent
865a7982-705d-41ee-8f4e-0f87a0819c17,Brandon Perez
4ac9f622-313a-470f-9956-a8ad6cf82d98,Robert Young
013f4381-1ec6-4b86-8230-ae031e46050b,Heidi Jarvis
52013e4e-eb33-47d2-83b1-7d6bdbd0adb1,Sean Bates
84c7eb02-1707-4287-a101-977b6a3d32ce,Michael Thomas
f4aa65ed-bad9-49d8-9cd6-453180571613,Joseph White
4f30e6eb-3d81-4801-b848-2e0f53fb624c,Katherine Spencer
6e74fa4b-0c1b-4de4-a136-714944084623,Gabriella Choi
0b8d4e6d-156c-41c0-8f74-abdfa1260c41,John Farley
5a5f671f-5075-461e-b57e-c12021ae1d8b,Michelle Mendoza
653276db-b0bf-4004-b454-0432f11a54dc,John Gilbert
d4e17da4-0639-4628-ab42-4e46292df8e4,Shelby Gonzalez
82670467-7270-4552-b053-4bb328209c7a,Kaylee Pena
84a350e2-2166-425a-954d-c1273825b933,Nicole Jackson
b32a45bd-7000-4fc8-93af-dd9b8431dade,Cynthia Johnson
e5f6f2de-2fa0-4030-b897-75c3ec16bac7,Shannon Taylor
056c518c-442b-4e93-9e78-e0c9f8849e48,Nathaniel Lopez
3895d766-2a9c-41f4-8936-a0c013b34aa0,Natalie Johnson
29fd894d-639d-4df8-b958-db5413d8d899,Mark Brown MD
51ff125a-2298-4f78-92f0-1e2937a6d39e,James Gardner
86fccdf6-3816-451a-8cc7-a6cbb0977b88,Matthew Zuniga
a217babc-04aa-4abb-894d-ec269d6f2051,Kelly Bennett
67569a43-4d5e-471b-ab42-2b3cd1eb1b0b,Rebecca Flores
0cd87fdf-3158-4d59-aa3e-5ca472c3baac,Amy Roberts
b5315804-2c5b-4dcf-8f41-2077aa058e5b,Charles Allen
3065c625-fb8b-49c2-86a0-1a606124cc4e,Erin Flores PhD
6ef83b3f-9c21-42b2-8ffa-35a08428ac7d,Joseph Smith
f593cd52-def4-4c79-a855-95d9b118a844,Vanessa Serrano
917907ff-6c86-4a34-8225-756c30ad50ca,Patrick White
69696e2e-a732-4f76-81b9-75dd8070afae,Michael Fernandez
75f894b9-2391-4d5a-82fd-d89e87ace3e2,Melissa Wilkinson
41d37629-4cdc-4f47-802a-9ffb8672ff30,Samantha Humphrey
40330c38-e224-4d26-9659-c03d6500e35d,Casey Estrada
b24b534d-0e9b-41a4-a143-b48c29692f51,Robert Patel
6fe41880-0b7d-44e6-8450-61f1e2f14441,Ryan Wallace
c952e358-05a3-4f30-9294-d547f4385969,Charles Carpenter
c29b4bad-dfbd-487e-9566-9ff4f5917ca0,Gerald Figueroa
7896235a-36c0-49b1-b4e7-16978f685e16,Stephanie Love
58275bac-9090-4b89-8dff-f7176394839b,Steven Williams
75ebbf7b-0b6f-4446-98c2-f29b04029313,Robert Oliver
e92d3131-b095-4047-b564-55a48f061c1a,William Rodriguez
af76e8d4-b1a2-4ab8-9b12-4c3d08ad4479,Ashley Patterson
ef7f4c75-dbab-4add-a07c-87f42f6909ac,Tyrone Williams
04b2d2f4-cec2-43c2-b3e8-bde4b52b010e,Megan Baker
e8ab42f4-9421-4a67-a9e3-d1134b04c46d,Alexandria Jarvis
fc5b5fc1-067a-4f59-b5df-1c52591dbc87,Amanda Castro
f2a47a49-0f4f-46ca-804d-255f972395e6,Chelsey Ramirez
04d5038f-fd2d-44d9-bf5d-325850c9d579,Shane Cole
991ce255-c793-43cc-8e5f-79abdacb013f,Savannah Murphy
e81fc6e0-fcae-45f7-94d8-dabd9d455f83,Lori Chavez
019efafb-ea16-4f9a-9d59-530abcee6a10,Rebecca Thomas
4d6e1684-c4d4-4b8d-9b21-8216621a04d2,David Black
cc34e4ce-6efd-4f79-b68e-6bf1a1a4ae83,Deanna Kennedy
b1056a32-7040-4b58-90ce-92b4762afd4d,Mary Smith
5169856a-f84d-4e76-8f97-fc52fad6b3b8,Diana Webster
21bfc54c-f606-4037-a1ca-1455fcc82b6a,Edward Mclaughlin
381adde6-e9c3-491b-9d05-4c6a2395a6bb,Michael Hall
4bb1f7e8-e230-410d-96af-f8752a50bbfa,Steven Huang
b46c9968-2473-4894-b1f4-c9cacd1ffdc0,Stephen Acosta Jr.
761afed8-d666-4724-93d0-4f5e03b38783,Cameron Fuentes
7edd4ded-957a-4a84-bb97-21e1d2203e3b,Ashley Le
e8269834-a63a-457f-bbb2-7349ba535316,Amy Hall
71768dff-a89a-4e52-9a34-d8a361ea1e9e,Hailey Galloway
a7409694-486a-465f-9e21-9e5ce9609c15,Scott Young
043d5ffd-d2c4-4f8c-ad77-0904703d4354,Bryan Thomas
d6a9afa9-a7de-4f3a-8648-69842f436266,Frederick Wiggins
4bbb4526-cdb9-4524-ae67-c36622c504c2,Evan Marshall
e12bc01a-6333-4cc4-ae59-1345e65e8823,Andrea Rice
5fe296aa-7650-42f4-918d-e50b535c4ffe,Kelli Williams
a68091e6-f7cb-4b4c-8e73-a11e53318475,Thomas Valencia
8e683605-4505-4874-b552-31e81e18f1a1,John Henderson
aad68eb4-2d67-4405-96d0-a89fbb0a6d30,William Robbins
e7299511-f52e-4ff4-bafa-8600a61f843a,Leslie Mckinney
887e1914-f93e-4207-b38d-52180ef10890,Scott Reyes
e3efc458-9180-4f7f-b738-05786e09bdc4,Paul Grant
8657568d-5356-4682-aa00-314448026f87,Matthew Morgan
bb3a71f4-daaa-4865-8cdc-6d230d90ebd4,Derek Hunter
0c113e2c-febc-428d-bad3-5aebf27abc8f,John Lowe
a0cc85e9-950f-4c47-ba00-0465d0736fb3,Michael Davis
82a969f0-200e-4f17-b65a-63c89efb05f1,Carl May
c7655e7c-2ece-486d-9c4e-e53b3f01cd9a,Chad Garcia
97fb246c-5540-4ac8-80b0-6e73d0ad4411,Glenn Galvan
bbefdcee-b6ac-458d-8523-907013765b06,Kelly Miller
81a64d94-d031-4a68-9347-0ab64703d21a,Cole Kelly
8bcaf4dc-ddeb-40e4-bb9c-8f2fdc5c1109,Michael Gonzalez
26f52fac-0a7a-47d7-a96d-15fc6d50c6c3,Michelle Velez
e8a467b8-9eb9-411b-ae0b-5c0798268522,Destiny Roberts
221ca1be-c30e-4590-bfc8-842a05808db0,Autumn Lee
b49ee6a3-301e-48a4-bfcd-314a8ab8e27c,Jeffrey Smith
daa8b7de-bf19-4a2f-8bff-870084588f06,Samuel Thomas
37d52007-cc6c-4185-9ac8-4b768b9733a5,Dr. Shannon Carter
83ae9ba0-0d1e-48f7-8194-23628284d6b0,Shannon Yoder
f44ca567-ddb7-419d-98da-fc0cd3b8f6d0,Alyssa Jones
4602658c-1098-4fb3-8d24-012482adaafb,Melanie Scott
efd07c1a-cf69-4ab7-baf0-eab739bd3491,Dean Booth
83ad3727-5aea-4117-ba42-b2eb7d00cf69,Duane Wells
6179d6d7-7b67-47d9-a5a3-ba77e66f15c1,Raymond Garcia
7dfbdc18-6506-4cce-8c51-520f7ccc5467,Jonathan Moody
b145f5b4-f2c7-4ad0-8460-449a3a4d4e38,Sergio Johnson
64df9845-040f-446b-906b-c65058538316,Maria Rivas
32493a42-b95e-42fc-a76b-97da7d94be64,Natasha Thompson
cc8dffd4-1734-46f4-866f-98b5751a7c0a,Alec Ayala
2975e25b-1044-4777-a98a-337f1b2ff22c,Andrea Moore
557e8504-33f1-436d-ba2c-e26820e58d02,Roger Campbell
ce76c91a-af41-4c64-b6ba-9668cdb04f4c,Mark Garcia
97c34530-8025-4542-960f-3306c0bb66a7,Kevin Salinas
77391ebc-4d63-422e-9b98-5861ce29c269,Anthony Allen
e110b124-2f6b-4329-ba1c-a6f172836a35,Lydia Williams
cbbbc762-723e-4d6d-beca-ea43f13e1979,Joseph Mejia
17ffad1a-2567-47e6-ae39-ee6a13acba69,Robert Williams
1541065a-b406-47e7-94ec-e497efd2a816,Jill Barrett
3b61badf-539f-4b13-b459-5a67a9d67496,Richard Owen
702ace72-c72a-48b7-bf33-a93ec5c84b3c,Jill Smith
daf15e30-1ebf-45a1-8fec-9edd3a32d7d8,Mary Jordan
eb9799ab-cd42-4749-8699-99738d7e7684,Mrs. Karen Martin
620ca740-b12c-4dd8-8c63-c5a478d4698f,Kathleen Goodman
2cb80c87-f1f4-4c01-8132-09c022f6d0a8,Matthew Williams
4537fa8d-1d51-4888-a925-c39c69e2c5a9,Wendy Tapia
f4585b92-8da8-41fc-a5c8-3578f69990c0,Luke Bolton
f5ec9bc2-c52a-44fe-a9ee-a93b8d54ee3a,Garrett Sutton
add50ef1-a683-4144-ac84-8cabc1d5da28,Adam Barrett
5dbe2436-f62e-4db5-b009-c890af0a6b83,Thomas Horne
9336fd10-ee77-499b-bc08-470a15dc14d3,Mikayla Cole
e1f86cb1-823e-437c-8cc5-8f9152c47ad1,Benjamin Davis
f07bd1bc-492f-4baf-9722-730c8ef845f9,Megan Fischer
7f750610-eed0-422f-8319-ab7ff502e42a,Andrew Lester
0e99f5dd-4a0d-4aae-8171-bc2e3d5e971d,Justin Farmer
c22b386e-073e-4b7d-bc40-7fba7da5289c,Anthony White
8799cd4d-7c88-4a36-b62d-eb49362758fe,Scott Jackson
7c3b5d0b-30a0-4707-8fc6-9ac212e86073,Robert Underwood
b70005f3-3782-4fcb-ab5a-730df3ba5aab,Thomas Armstrong
8c8cf5ae-0f83-4e67-b98b-b66d878ddcbc,Tricia Garcia
8eb82662-3cda-47e0-bc71-b74ede1b8f74,Brittney Bennett
2ed16357-a0b7-47ae-9d52-2599eab9d777,Stanley James
1be0670f-f231-4671-b4d9-7db129947535,Jacob Lloyd
765e684c-8a88-4fd8-8f1c-8b95c4f94a9c,Brandi Douglas
deea9f41-ee01-4d55-8577-432e26eddb0c,Lisa Huber
209dd953-78c0-49f4-a1ef-e058cdf8816a,Kevin Mcguire
571c7fb0-3314-4973-93c6-90585f218f15,Linda Thompson
e04e4da7-23c5-4e93-90f5-06dd36f438e7,Heather Lara
bdae9a1f-1587-472a-959d-99c388cb0892,Ashley Washington MD
e86c63e7-2888-4751-a847-3dc6e7149e13,Andrea Jackson
4eda708b-50ac-4011-b0fa-20bd92ed5510,Nicholas Meyer
d07c1906-13d1-4da2-801d-90fcb16fe646,Kim Gallegos
62d49221-15c5-42f7-bc94-8beec1cebcc2,Christine Harvey
c5f775be-1103-4af4-aec6-90ea9508c5a3,Jordan Atkins
ea7f7a7a-1335-4b67-ad5f-34cc0fd6b847,Mrs. Stephanie Riley
27059ca0-5fa2-46e3-ae13-512a145169a3,Samantha Arnold
d943434b-55d6-4f32-9e8e-698370ca38ea,Steven Williams
ca864a1f-c083-475c-ac28-c648e045d580,Rachel Sutton
8352a897-b504-44ab-90f9-e3605b7e708f,Linda Johnson
ce4d6ff9-e69a-4c2c-b8b8-0d1e4f4912b3,Janet Stein
5c0f8600-c7c2-420e-8ba5-98b4a6cc4371,James Anderson
efb6a702-bd83-4b74-9674-e6c58407c43e,Daniel Jones
d157ac1b-81f0-4ea6-99dc-59a9a611055a,Barry Mann
ec0e3890-69ab-417f-88c0-f724a1f9b688,Robin Reed
0aec6e4d-1deb-46d7-889e-a7ec5713d48e,John Collins
2739b8b4-29ec-4238-80b2-e75eee622261,Steven Wood
059c23d3-2ea3-4c09-98b8-ff8810315e02,James Cook
e52bc3d7-695d-4ecf-95d8-bd6bbfc8e104,James Graham
68066ef6-17c9-4bb5-a0a4-d20caa075615,Adam Carroll
f4885520-855c-49e7-bd41-1f5f04042c05,Pamela Johnston
9bb6a657-e587-4ef0-aede-be521d921b65,Savannah Nelson
2ff9188f-8257-4ecd-8db2-5f710bbfff65,Michael Schultz
2593795e-7cfd-4586-976b-116de8089f9e,Laurie Ortega
23016b89-c2f6-492c-8ddf-575ab3ce13c6,Clayton Brown
81ea5a4f-ce85-4275-ad85-9678402e7514,John Barton
a703da5c-b8d2-4655-bfa1-37eb442f57b6,Mary Ramirez
e199f97a-b87a-4f54-b8d5-9dbaa5e8d372,Theodore Boyer
bced3ff0-c6ff-469e-ab1f-06e73b1a0e6b,Larry Roberts
aa668e8b-9b1d-494e-ad23-1a8d8c30b54a,Kristina Garcia
d2be4856-d9ee-4d9c-9cfe-49bc011fa1a2,Lindsay Noble
85489503-1b51-4ef3-97eb-19f8a762777f,Kelly Lopez
772be2c8-e86b-4d5a-ab9a-1ee2b229040e,Taylor Smith
ea7697aa-d457-42d3-9d83-41d868cdb6ba,Maria Garcia
850ed19f-a5ea-49e7-8008-b1657fd28c55,Michael Perez
1b19b4d9-9013-4546-be37-24c047eaddbc,Derek Francis
1c4ab32f-3bb2-4179-b2cb-7753875c1819,Diana Taylor
0a5a8ee1-d5d6-4d5f-8a3d-f8707002790c,Trevor Gaines
786cf8f2-1529-478b-adc8-ff2410251b44,Stephanie Thomas
e80e6b63-a2c8-415e-9c20-a03cd39d2e8d,Jeremiah Sandoval
eb3f9464-e692-47eb-94d5-a907dbca65b9,Erin Murphy
36921e5e-2c09-4919-81f5-c5822c8176dd,Richard Jones
342c8a51-ced4-4d76-97fc-945cd0f609e8,Katherine Lutz
e31fba31-225d-4c1d-a9ba-00306701a2f6,Carl Tapia
762e6ff6-3d43-400d-9ad0-8d38840b4c15,Elizabeth Davis
9524382c-e056-425e-a203-20ecffb74991,Stephanie Campbell
ee11a9a6-9d06-449e-9f43-7fc4fe972089,Robert Kim
5462086b-f984-4941-9250-ac85ac053c10,Kristen Acevedo
c5b7f09d-3a4a-49d3-9292-fc95db1494fb,Gregory Wyatt
b6ff6fe2-fd12-4244-864c-66cf5f5ff0d2,Brandon Duffy
e2fe4f0f-6482-4ba6-bcc9-c918bec8f1bb,Gregory Moore
e6c876b5-c964-44ab-8bc7-66202693c9e6,Courtney Rivers
d3833dec-7247-42fd-b288-31f2eaf9c849,Angela Robinson
cd233656-577d-4420-b5a3-6c1f9adcb193,Ronald James
d135b2b8-52e1-4f92-9909-a55ffba4259f,Kimberly Evans
0876af1c-ecd3-4544-9b93-05e0ebd3c7d3,Carrie Mueller
6d48d6c7-61b7-44b5-80bd-1d964b8102a9,Scott Ray
54d313cd-6ca2-4be5-b35c-4c3cd1c9bfdb,Monique Evans
33048254-ab8c-4ca0-836d-c9e27c404e71,Andrew Cohen
b2a064a6-e6af-4cb8-a5b3-e73ce70acef7,Laura Taylor
7ed406d1-12aa-4fdd-ac1d-5eb99e7d853a,Ms. Mary Parsons MD
fb921435-2fbb-480c-ba52-1e30358c7152,Steven Hansen
22e8a045-c3e9-43a7-82ee-ec47290231e6,Megan Johnston
dd9b64a7-91b6-4413-8396-9831d358480a,Timothy Evans
4b1a8ab4-fa03-4f15-9a23-52542282adad,Cory Hansen
bd6cadce-f741-4751-9af0-6c81f272c6a6,Brandy Joseph
b341f485-12a3-4b46-b55d-48c0608ccef0,Shawna Knox
38b970cd-7b8d-463f-8b14-b6d5ecb46263,Tracey Larson
eeba21e3-fd1c-4419-a049-a38d42a17a82,Walter Allen
30c817ab-803b-480b-a91e-96b5ae3b3526,Rodney Brandt
bfb906f1-4593-48e1-99e6-d3d02dcd83f2,Natasha Johnson
0d07ddb4-a206-42bd-a31c-49e7ff45901b,Karen Howell
d4d923c1-8ac1-4da1-8700-f584aaad84d4,William Garrett
97952a62-ec40-4e7b-b4cf-008993293938,Jeffrey Cannon
41d0126e-d124-425d-a328-d6e266a4f6a5,Michael Flores
6a8bbfe1-576c-44fe-bfde-88157004047f,Lee Hill
e33becae-042c-46c4-8bb1-5c30b2cfb823,Matthew Sullivan
2ed0a7ec-1994-450f-add9-d07df6b1b2e7,Melanie Ramirez
a20e8376-7674-46a5-8fda-980bb46a18d1,Brian Fields
b54b4e2c-314c-40c3-b26e-ed73cdc98055,Tony Garrett
5b78b8e2-99d3-4f17-98a9-aba99513f914,Shawn Rogers
c72b45a0-b467-4756-a43f-50ad87ad99c0,Amanda Kaiser DVM
9af3e3da-9d13-4bbb-93bb-bcb961ffd028,Brent Conrad
3d52037e-a2a3-4248-a8df-9fefc0a6a68c,Tiffany Armstrong
85933ff7-1b67-494e-9691-73c0607bc18a,Annette Oliver
a61a874b-e6ce-4d7b-99a6-473c3119596e,Erin Chavez
e14a1057-5de3-423b-86f8-c112d509a65d,Megan Jones
3a4127d5-207e-4a30-9b8a-8f0741f86942,Martin Greer
56f1f2b8-94ba-43e5-ab26-f60983cc7261,David Thornton
76394fbb-4011-421f-90d1-3e5bcfe60f4b,Shawna Williamson
23688824-d0f7-40d1-a70b-7d519839b29e,Whitney Collier MD
beae4598-92b6-43e3-b15a-0a11659e3070,Christopher Owens
dfc6eb87-07f2-4bf2-a1c0-e8c7e83cc0ee,Brandon Ford
f73525ab-fad8-4a7c-922e-1825a5816133,Amanda Wolfe
6a8f3442-1623-41f9-8c1a-a56fcf0824b4,Brendan Rodriguez
54ed99f0-ed39-411f-9f5b-0e7865948efd,Sabrina Downs
479cda71-739e-4c0d-8125-dccd7d79d05a,Courtney Lee
577617e5-0288-42bd-8da7-7be01aad1057,Ashley Miller
f3710a7d-392a-4640-98fb-8d6b937d3c26,Teresa Moreno
11806628-deab-4687-91b3-4761785c9937,Jennifer Davis
322a3915-1b10-40d8-b96e-abd23c91a26e,Andrew Rosario
5824dce6-ce7f-4a70-9291-504a5b20388a,Courtney Evans
3d0b719d-48e8-4755-968b-88ab5231b48d,Michael Dixon
9ac41bf3-860a-40cd-a3d0-ed6b14334bdf,Kathleen Lucas
745618d0-fc94-4b41-a8be-3a6c456528c9,Joseph Sanchez
430cb988-9cf3-4be7-bb55-b7ed5f1cd22b,Brandon Fisher
7e745665-30c0-4f07-8adf-901a8ffe2858,Jennifer Patterson
142cc0c7-a2e3-4853-9aea-0f72c37f7c1f,Brittany Wells
b83772f6-2128-4626-9e14-6327467b54a0,James Lopez
45d2b78a-dfba-44c5-933b-f34dbdfbf3ad,Corey Rasmussen
b63448e1-e190-4263-9e89-159d643189aa,Jerome Martin
59ef5651-7a73-43b9-8f69-27a0d6a0daad,Benjamin Rice
cbb17bbf-d1bf-4f0e-a383-38248d399387,Michelle Barnett
93d9bb07-ed07-4c09-9dc1-94f4d468d877,Brenda Jackson
bc56aaf4-1085-4d02-b20f-a42acd14350f,Ashley Santiago
9200cb1a-db7e-42c8-868e-31fc547dde1a,James Jones
106dda29-9eab-42ee-884d-8771c5e45f38,Gregory Rush
a68c06da-4f02-4104-b040-3926e459a9cb,Teresa Williams
6c410017-4ab6-4a70-96c7-ba1273a3cebc,Matthew Thomas
c32a0595-10c7-40c5-b334-1c12fa099617,Joshua Ortiz
cd1e03ea-a5cc-41c8-b5f1-95df5c736acd,Alejandro Adams
96f639bf-f2a3-4f42-bc63-d66f10d4cda1,Melissa Austin
8cae6b53-fb5a-4704-b2f0-b293bd9a1400,Tony Mendoza
b7a77ad8-2287-44e3-9f45-d2078f1ffb95,Duane Martin
f9677f7f-586f-42ff-8cfc-926713753db6,James Brennan
be29b6af-d40b-406d-9f36-2b4185babea7,Jaime Wood
628daef2-6c0e-4a53-bedd-64ece6cde13a,Patrick Bowers
b9a6e9ab-2c0d-4066-a8cd-ca696ca9f17d,Samantha Mills
6d1ef588-59b6-42bc-83ba-bf9b3c97ed78,Michael Hensley
419008b4-8924-4706-b4fc-041505b95ee4,Brian Sweeney
f40cc6e4-8a5b-4dc3-83ac-35e610adf88a,Seth Ewing
0a395c5a-8327-446c-a65a-b7b60a32e42a,Mary Martin
5cee56a9-c8a6-4e11-820b-26a194185569,Karen Brooks
d59023a9-024a-4307-93a4-5de410ac82a7,Melissa Mcknight
269cf29e-d03f-40d2-8895-673b1b8affc0,Tanner Collier
fe842e36-e36f-435c-881c-e5c60b1d6158,Elijah Brown
2a757833-8502-479a-a9f7-5c20b233075e,Sharon Morgan
38f86620-1cd8-47ad-908d-9a5e752b08ad,Kevin Garcia
a0cfebbf-09a5-4c79-9066-c67beb97c218,Jessica Mccullough
d972fc13-78dc-4915-bcbe-205489464d31,Valerie Lee
36ebaa14-3b01-49cb-b209-57f24b37956f,Sharon White
035413a6-11e3-4872-9fe0-d913d7068d18,Jennifer Hamilton
171f3e9c-3a75-4131-ae71-de806ba8ce96,Samantha Jordan
c6b6e109-099f-4321-bf22-1d82405eebdb,Scott Jacobs
ded88141-3c3b-4caa-8d1d-cb9eee739078,Andrew Jones
8893bc58-01fb-4b24-b118-44743f06cb08,Stephanie Warner
6c124b21-6f71-47e4-a230-b94dfff0e987,April Davidson
52f6f3f2-aa44-4af2-bce1-5e260448dede,Michael Lawson
97bf4529-0534-4460-89d6-34573e41516a,Jenna Gonzalez
a953e38a-d051-4d33-8c51-60fa89b5942f,Jill Brennan
7e4c58cf-ac47-4b4c-8528-927b17f28c5e,Karen Sims
82bab522-1cc6-4e46-9c85-3a814237d46e,Jason Ballard
7c0fec0e-550e-4774-a5a8-e9035220fa6b,Charles Freeman
6077bfb1-95f2-4720-8c45-eb631c75cdd4,Amanda Thompson
20d69e50-cbb1-48f2-ab4b-b9c61172d8f3,Sharon Wilson
0f5d4a10-d1be-4207-a6ab-76af2bf486bf,Jessica Stevenson
2da04303-f630-4a65-8595-c0de0c90db7b,Amanda Delacruz
80046128-6831-4767-a4df-178cada5b17b,Kiara Rodriguez
44f70d4b-7f1f-4b2f-9ae9-57c47e1a9d51,Barbara Price
59319891-9df9-4835-a04b-37e4abd3e9f3,Kelly Frost
92029192-d733-464c-9d95-32430fd583f8,William Macdonald
3bc21b27-e194-4803-a84c-25ac7b3ec0c7,Kevin Garcia
e7a11649-dbdc-4de4-a90f-396b8aba0219,Wayne Smith
6b27e2cc-d61c-4523-adc8-a1bc21301316,Roger Smith
768059ff-1998-4c9b-be5d-e6937c21e3ee,Mitchell Robbins
79a08685-f8b6-41b4-b49a-eb40fb3bcefc,Andrew Roman
6a1d4b83-95ec-42ac-b26e-3366fb932318,David Erickson
596b7221-35bf-4494-b05b-e862d8bc9ea9,Jennifer Phillips
e8484e35-7697-443f-8e0c-089c177864d4,Ashley Johnson
5b2a52b2-d2ce-4bac-ba4f-d8f1af2cad64,William Wagner
741d195a-8735-41bc-8910-8a5c8b2450b7,Kathleen Simmons
4a589ee1-d0d6-4211-a900-d4f25fc4ceac,Jason Hayes
8f64ca87-08c2-40d5-b202-4f53a0c65bfb,Lisa Lee
212d54d5-5766-4f8b-8ab4-37395e661634,Tommy Johnson
09afb330-6d47-46c8-81fb-e281b794245d,Alison Schwartz
ef303d2c-3f6c-4d86-81b9-a365c7f1912e,Kimberly Prince
fe395ccc-c361-4538-b01c-325a82e809f6,Laura Marshall
04951196-6cfe-4d0a-be44-bc69a977cedf,Kevin Porter
c8ca5231-b59a-4d5c-a43d-2848cf34c0eb,Jaime Green
e613973a-fbb2-4768-ba0c-76215dab18c2,Caitlyn Thompson
c275ed4a-48a9-49b7-b804-369184058d77,Geoffrey Fischer
b30a955b-ec4f-4028-926e-4ad2cf52f692,Julian Stein
24aa5e6e-21ed-4a79-aeae-ce85aa652c21,David Garner
7662f73d-02bb-4038-b314-a5b85d0dcf26,Marcus Adams
fd836610-03ee-47d5-9455-9a3b242d3838,Thomas Zuniga
88d4b8e6-7af8-4964-b430-3aac760b7d0e,Justin Rogers
6d4d810e-5e13-4d90-80ff-f2af9327f2f1,David Heath
070ecc05-51ce-4cb9-bbb1-a9526aa6c856,Mark Osborn
d172c924-ba6f-4483-b4a2-a50b413e4760,Ashley Coleman
1f161bfc-9542-48a6-a144-e14bc0b52c81,Ann Miranda
f5ad99df-a616-4750-87a1-83ca551133fb,Tammy Bartlett MD
73d67b5d-03c5-4322-b082-b9c967156bb0,Michael Hall
1f6b0944-72e3-499f-86f3-4c518ef36f77,Gina Stewart
7f1122c2-ea2a-4939-9f1b-b4262188522e,James Wood
32f3070f-7867-4721-b7aa-5d2e90efa3b6,Sophia Nichols
a498a9a7-0a9c-4f0f-8cea-05bd836515cb,Jordan Richardson
d909d3aa-7090-496e-97d4-19d86dc94e16,Cassandra Price
5d2b5d63-3620-4085-9bb3-59e3e75b9385,Denise Davidson
eeadedec-4d3c-45d5-b0b6-a4ce2f7f72b7,Stephanie Wallace
041cf1a9-fbec-4345-bc0b-096624e23715,Stacy Jones
5463ddba-b935-402a-bb16-c34f62678c27,Alicia Beck
865cac65-00b1-48bb-a327-259de602a0d9,Anthony Richardson
e5f9bf32-8656-4d34-90cc-7635317ed72c,Rachel Stewart
1d669eac-6749-4d9c-88b3-792bd89b538c,Hannah Garcia
aa675faf-39db-4b53-af55-07d50c397cf7,Randy Mercado
94892969-d6b9-4a4b-90ac-83c70eed3769,Lorraine Walker
1d1917e2-786f-4f76-820d-b2e12f82d64b,Chad Miller
f56c22d0-8b50-4080-956f-8e108440808f,Megan Griffith
b2cfc88c-727a-4c1a-b3a9-013f5387de22,Brent Tucker
2432f487-64b0-4638-8eb7-7d28f8188f61,David Fernandez
d6253676-fe6c-445b-bbbf-df7fd5f78788,Mark Conner
defe122b-d1dc-4e96-9358-b47d505d921e,Sara Harvey
4e5a8dd1-dd3c-49f5-8238-010907bb2d62,John Cline
1a6f9963-4102-44e9-a5ee-90fc6693ad4a,Ms. Margaret Chen
08a1c56f-7bec-44c4-a390-c08da7681469,Kimberly Gonzalez
bf56ccf5-937f-41ee-a2f6-e626021ec6fb,Brandon Moore
be8e13a5-882d-4b62-a7a1-6805724d5e6d,Amber Rojas
e93bbe44-62bb-4195-973e-14c18c97cfde,Tammy Washington
3ef8ae09-0906-4e13-8534-be22fc0fb4ff,Shannon Griffin
da0015bc-8146-417b-bee0-d889f74cfe73,Benjamin Wiley
21072246-0f92-4c9b-88bb-de3cea487ebc,Joshua Moore
ae45f783-5cea-48d8-9604-9a0a25a50094,Melissa Allen
787959b3-9860-4a99-aa9b-96173434e634,Jennifer Humphrey
28f3c1f6-c14c-46ff-bbf3-f2a107071782,Joshua Rivera
4a0b1de9-83c6-4765-84a5-20991c66935e,Mrs. Mary Richardson DDS
89090a14-8fdd-468e-9457-8403da433567,Phillip Hernandez
28db71e8-4fa8-4c59-a893-e176e4850212,Michael Aguirre
5a85e4d4-1f6c-43fa-a4b3-9d735a9d945a,Jean Silva
fb178603-9782-4c26-b17d-2c9a98d03803,Brittany Atkinson
ee910c8c-eeeb-4aba-8b4e-b59560020e39,Megan Rogers
9120b93e-dd7b-4ffd-a42e-64b2b2d4c4fc,Gregory Turner
277f27c6-f8ca-49eb-a93a-747875fa9604,Deborah Roy
0b60a956-5f8e-41c8-afe6-67e8d5a85cba,Ryan Tran
6072f66e-30d6-4581-a07d-2f63a73ca872,Brandi Reed
e139515b-93c6-447a-8889-9664bb109b47,Tina Jackson
0a587b6a-5b1f-4223-92c3-52172d45cd22,Kaylee Ellis
cd6e0ab4-dc47-45ca-93bf-9669a279a8a5,Bridget Gilmore
cbae2be7-1ee5-49ab-89d8-a2b2f79e9322,Eric Valdez
25b5260c-ddff-4021-b036-2819fae00f2e,Lori Delgado
ac384f6d-4d89-4efd-a356-b5eff26393ed,Eric Montoya
7ae42745-a1ec-44eb-81d2-19d2c82b035c,Julia Miller
ec709eb9-ac5b-4d24-ac76-8d6deb4055a5,Christine Lloyd
f8ab62d6-a310-4c9f-a07e-c6512046e04e,Joseph Santiago
e676e867-90ef-4ff1-80c6-a910b7b98a11,Barbara Jackson
db19eae7-09df-4cc9-b473-c73cbd0650d8,Mark Smith
16af2369-388f-41be-a236-3a5148af24c5,Michaela Jones
ebe3d005-ca78-4d24-939e-6618e40a9d26,Elizabeth Taylor
9c70a620-4312-4106-aa7d-7bac6a152cb0,Robin Juarez
637562fc-7f7f-49f8-acf9-5e0bc920570d,Lacey Brown
aac8cab2-f564-4fed-858e-2cac8679e6ee,Melissa Garrett
65668268-8301-4f77-b3d7-f7304f8a9953,Lisa Chase
34d66911-dcba-4d35-994e-65edc40eab05,Cassandra Peterson
0ccce960-b3ff-4b56-b37e-11bbb0ce79d3,Brandi Perry
f5f3ae94-c988-4921-94ff-b6a6108f57f2,Dylan Weaver
818b356d-268f-44d0-a2d6-cd2dee2b3044,Becky Callahan
fe456e7a-e849-4490-9451-518fbf760bda,Robert Rowe
21cfa438-0756-4d21-9db9-e4d4fd688e31,Amanda Clark
cf2bbe6d-2658-48b5-82ef-05b31972c28a,Brandon Schneider
649adaab-d1f1-4ca1-b0d9-786a353ba78c,Mark Flores
6a3646a4-2960-4786-aadb-3dabb96fce04,David Moody
8b94eb6e-24d3-4bd1-ab2c-135838624120,Crystal Gregory
d0ad1e68-8dc9-43bf-9b44-0a7bf3706c8f,Bryan James MD
b311e44e-976e-4917-af33-071ea11510e0,Mary Rodriguez
8535b1eb-c0f5-477d-a5ab-5905b0558fc2,Jason Holloway
7aa040db-082e-40be-80bd-12dc84bc0530,Julian Robinson
5a90a65f-24e5-43cd-ab64-22a780ff7a4f,Taylor Barnes
8b6e6d99-a0c1-460d-b7ad-8fcb84721bbd,Cassandra Rodriguez
e570789e-6f11-4c36-8e30-c5843c415ab5,Diane Thompson
6cc7ce13-f3dd-49a6-9717-08ab9d9b1de5,Ruben Garcia
1aa49763-cad2-409c-b14b-dc82eada7268,Shelley Wilson
0110cfc3-d96d-4e92-b7b5-f84e05ff3bd0,Carlos Barnett
56e95167-1870-44c5-a483-65467866f707,Kyle King
adfb3ce8-6c39-4977-914c-82e0ef03449f,Patricia Lucas
528c3b78-e8b6-4336-b994-bf2fc5f43816,Anthony Wagner
a963a98d-78f1-49c5-9c66-04714cd5acb4,Ann Johnson
760720ee-d353-4a95-8a2b-a3ddca28ffdc,Janet Irwin
764f7d8a-5fcf-4a56-a12a-ca2580d4b15d,Christopher Young
b07afe05-e38c-4ca0-b4ee-279abd562958,Danielle Manning
01d3125d-566b-4fdc-bcf6-427cca0e4ba4,Michael Carpenter
457bf8f4-dc95-49ec-9243-9b4556a6a1e1,Emily Ware
4085c7b0-365c-45c0-89bd-49347c9fdcc6,David Cook
230b9483-1139-4a2d-ba7d-cf909f35252b,Carl Middleton
18dc76ec-6153-487c-b908-7278761e1f8d,Jacob Brown
3212c516-28b4-462b-b99d-53373fb16876,Marvin Hill
cc99ba8c-e900-417a-b243-ccca8dcc2714,Angela Howard
d2034dd0-372c-4bb9-aef7-5c91c2c485a4,Gregg Jones
77cc4c94-4bf8-480b-8f19-f0db7d42b6aa,Garrett Davidson
6da126d5-9ced-4ee0-8e2d-e818b98b6859,Karina Duarte
f18936a7-9a07-4d58-a880-82c74468e99a,Christopher Wagner
7fba8ded-0763-4ba3-a922-c7b4d529e22f,Jeffery Martinez
b45bfabd-9c8e-42a6-97a6-bdc0d5ff6237,Tammy Calhoun
d4122697-e4b9-4940-a7c3-34680d2cd4ae,John Cardenas
e2c1a169-ffb8-4c54-9114-6e4085037e53,Monica Myers
a5f5aec3-5b6c-47e0-aa68-ecb56ad0a157,Ashley Smith
6e214509-f8de-4bcc-946d-74a8036c3b78,Christine Bryant MD
716dd438-3070-47c8-89fb-c77a657dc97b,Jessica Andrews
922c83e1-8d31-424f-a248-ed2ff2382145,Jessica Clark
acdb2c18-cc6f-4e0b-9b36-b0a4886996c0,Raymond White
52ff7c47-8be8-4ee2-bfcf-05b7a69290a8,Nancy Rodriguez
7ee8f588-ebcf-4213-adf3-114f04e93c43,Samuel Walsh
d372a442-b990-4fd9-9267-0f423f9cb351,David Thomas
e7355685-3078-48ef-b982-e4142d39abfe,Dylan Payne
9ae61ac2-115d-4ca9-90b6-ee717dada38c,Trevor Hinton
d907a2c5-f314-4880-aee1-5d53a284ef8f,Judy Fisher DDS
c802e05d-d55c-478e-88f0-7a296a468321,Alexander Harris
8034474b-f60b-46a9-b4e9-a2f8c82773b1,Eric Jones
7d90deae-aa1d-4d29-be25-c7f6ac553350,Matthew Wheeler
91af68a5-fcfb-4e71-98b4-9cd9e2a65ad7,Kelly Waters
06a54263-2577-4eb8-8c30-6f4c98743046,Kevin Garza
020a9cca-4344-4445-b346-6e28efc9695a,Jeffrey Mcgee
500e1e7b-d1ed-4088-bc29-0ad80c33a6fd,Donna Ellis
c2dee4da-de9b-415f-9ef6-8e1158b29162,Deanna Wilson
8d443016-6c4d-4035-b63c-b083f871821e,Carl Mcbride
24d9d338-645d-4129-a077-08f9bb8c1311,Jesus Rios
0160d266-b9a9-4ca3-bb9f-9bf834dca7aa,Nathan Frank
c1a0c5fb-9c4b-4df2-a07d-37346f4fbf0e,Daniel Dunn
e1e83e96-c5e5-48bf-a425-c20d5bdce430,Jennifer Vega
ba0d267b-d7bc-46a3-8a24-126c4ecbcf23,Debra Armstrong
4eb6560f-66da-4484-9ceb-ff0e8c408e62,Ashley Martinez
71872159-a6e2-443e-9335-aebfaafd47de,Frederick Williams
c71d655d-ab92-4b6e-a1de-860ab625ebff,George Jimenez
52e73743-db7a-470b-bad5-6fc05b1ba860,Cynthia Meyer
da1f9a0e-715c-405f-8a6e-19d14315079d,Wendy Jackson
6dd5101a-2440-4533-ae3e-0422f6f168bb,Kristina Armstrong
73919891-4693-449e-9866-5e24c2bab219,Jennifer Webster
6bd4071f-d69e-46b1-b24b-836bfc39176d,Edward Smith
9a64a4f9-7790-4bf0-b83d-3aad99fe34e5,Aaron Mcdaniel
c2f9c99e-6a95-4228-8560-1f5678d6a829,Dawn Sims
9c1f0f52-46bc-4ae4-94e8-b042e9103d95,Kathryn Morton
bfbe49ca-6017-4685-937c-36331e278f75,Brandon Carey
b46b8e7b-cfb3-428c-a6c3-84de8bbe07c7,Gregory Taylor
40e0d8fe-3466-4c4b-bc2f-c7507085a2eb,Michael Boyd
b611f347-7146-4b82-9638-32c6c17d9bf3,Sandy Lara
88ab9d21-9b6a-4e5b-9ccd-4d8a0db7e652,Tanya Coleman
110ffe03-1eb2-46d3-9788-ab8f1853f9b7,Lisa Clark
4a9e2d37-00b7-491c-b7c4-70d3cc3ff3a0,Susan Nichols
8a3b98af-2888-4b1f-bf8c-7868aae3be4e,Daniel Arnold
73613f7c-842b-4695-ad2d-1b6a3719f4cb,Nancy Figueroa
bb7382c5-aa67-4028-bffc-100b9d839b05,Jennifer Cunningham
7c5725c7-964f-4fd4-8c10-abbab63e5efd,Julie Weiss
b4568aa0-2da4-46bc-a425-c6397e03876c,Adrian Tanner
7ebeab22-1bef-43c0-b6db-8ff6137543a5,Michael Torres MD
7e80f095-b609-44bf-a083-345ede32638e,Tyler Bautista
3d1d1ba8-19f3-46c9-b404-292f69f790d0,Erica Smith
3bf3421e-6da2-4265-8f3e-0df123e73e12,Abigail Villa
c54ff682-2557-45fe-8637-ad90a80a981f,James Mann
a2ec7be8-d899-46a9-bca4-00bd0edf3f5f,Nathan Price
54a70151-c19c-4e2e-8bc3-3e7de757bf7f,Alexa Camacho
07feeb49-1929-4c63-b70e-d8e26558b613,Anthony Lamb
5424e4b2-928f-45c9-9604-cc5addc257d0,Deborah Bennett
2d1e2865-9722-44e2-8c87-6342ffd4246b,Phillip Cowan
138ed05b-e1ca-4e34-95f9-0559d08cb6c6,Andrea Chandler
9974ae6d-a781-4c93-a4ba-6f1e679d8c1c,Jeffrey Williams
28c59f44-573b-4066-8724-43a60cca4bff,Brian Hayes
583c55f0-d737-42fa-aead-92bb75c7c0f7,Jessica Jarvis
e2e799e5-d8e5-44f4-aacf-29ce17db8b45,Jessica Benson
c1d24f5c-855b-4baa-ae83-9561a6f658be,Ashley Peterson
3ec4dff7-a47b-439a-a848-c526aeeacfd9,Melissa Thompson
d28957d6-ed2b-4a3a-aba7-10ff140ef461,Robin Rodriguez
6412e55f-9544-487d-8a68-8e0fb15aab3d,Dan Howard
505183bb-cfc2-4827-bad7-16b21cca07db,Devon Gonzalez
12b926ff-3374-43ab-8f7f-9cbe70045576,Jason Bush
941b5611-9748-414b-9844-f429ec0a8af0,Ashley Jones
88199f4a-905e-4883-bbf6-28b1764a6b74,Heather Velez
c4ab108b-ba7d-4654-ba64-260167295a8e,Alex Arroyo
01eab651-cb45-49ba-ac7a-d9db907d39ed,Christine Garcia
793f81b6-e5f8-44d8-b0cb-336c0a510542,Marco Adkins
4fefec41-6586-4286-aa5f-51931d99ae6c,Melissa Holmes
561eb33c-5377-4faf-b327-357303379e86,Cheryl Bailey
7c9f91ec-4a13-4f5c-a822-15d93a3dce18,Michael Villanueva
95ae79cd-8c9b-4f00-bf73-8efa023861b7,Paul Davis
91fa9382-8fb6-4a8b-a907-f46dc752607b,Stacie Pennington
3262bc26-ffd3-4ab6-bb4d-337f7b05de6c,Thomas Mendez
01ca6d90-eafa-4956-bb0f-f5ae32c63256,Steven Cook
cbac807c-50e1-4115-97a3-65983d6c4321,Sydney Nichols
551d558a-0c28-4ac5-ab0e-78769a996629,Dylan Hull
6c89d0a0-366e-4bbf-8136-9d8b3c07411a,Edwin Carroll
f69030b7-b4eb-404c-b2ff-643de5d85bd9,Kayla Olson
7191f626-7a6d-418a-befc-4b4ec26dd975,Eric Hernandez
653063ae-c354-4125-8628-ed975dd7eb66,Stephanie Velasquez
8d39360c-6672-4707-987d-cac09ba1ae23,Christopher Jones
fd2ae3d3-e2ab-4258-8a5f-c2f6ed6ac763,Jacqueline Ferguson PhD
d76cd83f-30fe-405e-94e4-2c7422b9acbf,Cynthia Garcia
b73869fb-d36c-4ce1-8318-20401ecbf682,Maria Scott
f373972b-f4f3-4beb-9dd9-6e3f79caedd9,Meredith Freeman
7ee46a4d-81f8-4df9-81bd-93b9590ad7e4,Laura Chen
f65dcb47-8cb2-4afe-8d71-657d73eaa3a2,Gregory Hall
8c520f49-f71a-4dc9-851b-0e161bbe240d,Cindy Nicholson
eee8bca0-650b-4c12-a76e-fc669b1d1c80,Alexandria Pacheco
54dfd7d7-ecdd-4745-b756-b742635e4742,Ryan Sanders
858049e2-f509-4629-b591-1073903807c5,Shannon Novak
d9626235-4bb7-4338-b334-c2870b553f6e,Marcia Carr
c778bccb-1294-460f-9064-da024951505d,Angela May
561ca472-1b1c-4dc6-a218-94bc274e875d,Deanna Parker
d40ee6c0-b470-4825-ba3d-35e6130ccdb1,Maria Peck
c997574c-c388-4648-8f58-59f920a8c63e,Dr. Denise Klein MD
c027c039-38fd-40e2-9135-e5ce8c777d68,Diane Gutierrez
826424ac-3c58-4296-93d6-e043d4d604a6,Scott Carter
022252fa-866b-4b89-b1da-058247e965f1,Joshua Lane
f016b281-07af-49c4-8c9b-bcf95fb11207,Vincent Rasmussen
8fe975aa-997b-4cca-af80-2e97fea9f725,Jennifer Donaldson
40574e65-7375-4fc7-83a3-19daf611ca96,Stephen Myers
49e0aa6f-3bee-4908-9549-da0f4bab9b29,Dr. Stefanie Parrish MD
8e50b082-43d3-4c02-949b-3c3f0c08fff4,Joann Graham
8a88a1fd-3902-4ea4-806c-6a2096051321,David Jackson
cd693d83-68c0-46b9-a270-c83cfb68a6e7,Samuel Wood Jr.
b7650570-0274-47b9-9f65-ea508fcaa087,Alexis Mason
12b77901-0d5c-49ef-b2d7-a2e452bb341e,Paul Rice
6ca9296b-0c99-4a97-8838-3b5037abc02e,Gregory Roy
0e59486d-68b4-49cb-bbc5-a9786def6ce1,Jonathan Thomas
51e0cda1-9991-4658-bf4b-15a0fb6fdfe6,Laura Watts
448d751e-91f9-4419-9ba3-206a816a86d9,Anthony Ford
6db6b1cc-b06b-4c42-af64-9fc249f7517a,Amy Nichols
36d51844-3b46-4047-aac5-e6da407d294a,Austin Graham
e5deb4b5-e9fc-48fa-9ac2-ea094ea60db8,Lisa Anderson
e02ef53b-1e6f-41e8-b1ba-0fd8431af8cf,Dillon Carroll
2889f97c-9cab-4813-a924-92d49f1d5794,Ann Phillips
efb735b2-8254-4c69-8a8d-a935e0bd32af,Felicia Hogan
3f20b655-467b-4010-b7ab-9d5266d9c5ae,Janet Rodgers
9f24547b-6fa6-4e70-9d51-7927fb4e5338,Donna Patterson
9696bb6c-bef7-4add-9610-79eeb8692d2b,Jonathan Stewart
fca9420a-e794-4b42-bceb-5fd7d3ce38bd,Christopher Henry
a8fdfc63-32c5-4f92-a90a-607f7592fc89,Danielle Nguyen
1b6d8118-46e9-4827-9818-d1f58aba16c7,Daniel Gibson
870e2206-914c-4f26-9e6f-7615c436133b,Evan Lopez
c7b628e6-84bc-4b6c-962f-8b48ab99dfe4,Adriana Weber
b3ba3bcd-8e9e-4d34-8bd0-530c62a03c4e,Nicole Anderson
477deeb4-c493-4a2b-8471-2d1eeccbebca,April Gibson
92291397-c4ae-49f7-8420-138be2cb6b95,Brandi Brown
e13a93ab-0e08-4008-9e4d-ef1074fcc706,Dustin Johnston
eacd412e-bc10-40b7-97b3-3658429cf4ae,Laura Smith
85462949-8887-44c4-9990-a25c3c78c364,Michael Rose
85733f8b-1aee-471b-80e5-d8220adbc08c,Jerry Taylor
e86b3f71-1778-4541-8409-045709959382,Donna Gallagher
379eb522-0f55-4884-b2f2-fa4c49242f9e,Heather Jones
d6a0bc9d-8018-41f2-8dc8-13aecb6872f8,William Zavala
f05a2dc0-c104-421a-b3fd-8ced13234181,William Dyer
9794456f-cab6-43a9-ab6b-240b1e2a17f3,Thomas Evans
de9e9df6-2a82-4e95-a584-9785f3c1787f,Steven Navarro
691d42b3-0002-4a6e-be4a-b608b9109432,Whitney Bishop
10760cbc-4561-4f3b-af2e-b9f118876ffc,Alexandria Juarez
c3d16917-aa2a-4b4a-8e13-7fe53db14d73,Michael Romero
cc786b06-1d20-44d7-8084-22eced79ecfd,Ashley Mcconnell
2fdf837e-039f-4b6b-ab2e-d5ba06fb67e0,Veronica Carroll
a5703752-a6d2-45d6-997c-8b40f6334244,Mary Jones PhD
382b9276-f19c-4461-b281-3d8842b6450f,Allison Davis
57ab0bc0-21fc-4653-9ae0-b1b0d909a252,Michael Wilkinson
c6184250-af2a-4c13-bcd2-e958bf2e4a1d,Catherine Ferrell
ce298054-c5d1-4e05-9889-2e17371dff09,Christopher Perez
1abad4bb-0052-4303-b9b6-95c6bd4018cd,Michael Leonard
ff9d7141-e900-432a-83cc-0a30a9a98fce,James Obrien
19a4584d-7df4-47b8-9513-bcb1207db9d8,Michael Middleton
469f72b3-e01a-4d5c-8c68-af0454ace4e4,Sierra Hernandez
9eda358e-72e5-424e-9864-97038aef7bda,Patrick Richard
93c32750-279f-4642-b9b2-b9fbf4644914,John Kennedy
7dfa1cb4-9feb-4f65-b51e-c97fb3147414,Kimberly Harris
b09129f7-f9ec-41a6-8e99-106c1d039106,Jennifer White
6d6524d7-c789-4d3b-9112-002ce9649feb,Elizabeth Rogers
e9026293-7d36-4e85-92e0-f2c7cd21d0cb,Sue Williams
ed8f2707-045b-44ce-862b-9f40f47456f6,Douglas Martin
8213d2ce-6218-4c19-aad6-a1701f10ab69,Patricia Carroll
18ccac84-637f-480d-b504-fe8163d11dc0,Jonathan Morgan
01384a50-512f-477c-adc0-f9ae301b8b21,Patrick Evans
e93d0ee1-59dc-494f-a294-0bc8a474e210,Justin Schmitt
fd7696d3-17b4-42d7-b945-6abd95521d5d,Timothy Jacobs
3c0868c5-75c4-449c-bc43-19dcbb1ccd3f,Charlotte Perez
ed4f9562-8f91-432c-8d7c-2ff77eeae247,Malik Mora
b8d86995-65e3-4e22-a977-891644eccaed,Dawn Cooper
58d92f13-4372-42c8-8f1c-106f88026016,Brian Hamilton
7e330ff3-4689-47ec-807b-d689d5f56f53,Adam Turner
8876bd85-9b5b-4f1c-aa7f-2a900e7b152f,Kimberly Vincent
4fee7d11-e11f-4b31-854b-a9da843e1517,Monica Jones
f8665bef-0d44-4867-b5c4-7fde9f6dc042,Lori Dennis
cedcc784-e757-469d-b86e-f907be9aa40e,Gregory Gomez PhD
f75b8d44-b0ea-466b-9616-b5cee1f0dc44,Michael Hampton
8081de81-da63-44cf-ad5f-69d83f6dac73,Rodney Hart
1a019097-a2b3-4fd6-b906-8e8038a1b270,Shannon Mccoy
0d27116c-13b4-425e-bf9b-f2877cab1851,Diana Barrett
7ae98911-e16c-42b5-86fe-7845e8dfb22b,Barbara Brown
299b084d-273d-4a5d-b122-8503819df3fd,William Maldonado
b0599370-e502-4a32-9390-d7663e569db5,John Gonzalez
3d4c740a-c440-40a2-8b3b-f82b1ed234c9,Krista Mason
0524d2b3-9796-4148-97ff-d5201489aae7,Carol Harrison
75a558a4-adb8-4b09-9577-1740768bd0c9,Tyler Horne
3c1d0aa8-7923-420b-a40d-54098c621ac1,Thomas Morris
656ad0f2-5f4c-473b-9889-69b11b0738dd,Candice Brown
b5c0f119-7524-4e12-9ef2-a0edfbac5d5c,Steven James
ab269801-1255-4779-bc8f-b819fb23e84c,Richard Hicks
6d2c8833-97b9-44a3-b62a-de903bc5ea06,Wendy Jones
0a779c99-2123-40b3-bb11-c0e511632cf9,Charles Mayer
0ff1508e-92bf-4117-832d-27c029979abc,Stephen Rodriguez
6b0325e8-4dfa-4a01-ac5a-df56def8cf9b,Reginald Miller
d20ba27a-8eba-4642-ba7b-633f25e3059e,Erin Boone
50bcdeb0-d2bc-4727-8d6e-35a5c41e9f59,Lisa Bridges DDS
0a443485-ccc9-4b53-8b66-cc2e777937a6,Traci Armstrong
488e9684-df0f-4422-999b-bc16e1363afe,Allen Craig Jr.
84255aae-f0ec-4dc5-800e-64f4d46ac8a2,Trevor Kim
73a7bb24-344e-4390-8122-d37cf2ee77f7,Shannon Rodriguez
c6079122-daf9-4ad1-a7e7-5f63c3e96251,Jamie Patrick
0be5fe70-81d0-4913-9dec-629077826ffc,Dustin Lambert
5c9ee84f-8178-4963-9ebf-1f7e76fec733,Debra Howell
ca0089a0-b982-4dbe-b70e-7e6b35685a6a,David Newton
02c33f28-ed9c-4313-9eb6-68f749f3b441,Renee Herring
9a9c6790-682e-47c6-bc8c-752f360acf45,Michele Cohen
34f7ede0-4655-46f8-982a-f24cdd976c40,Amy Medina
dbc0b429-363e-4f68-b282-66e4cd55595a,Ashley Fowler
254eea5a-66b9-4f40-ae23-79ac4655b25a,James Walker
2f9d7a82-8632-4e40-ae65-a668ebebda19,John Williams
4b4f437e-7684-4636-abe8-95624e10d00b,Thomas Garcia
619105eb-676a-457e-b115-74df97b1d8d4,Angela Lewis
4cb6e470-9256-44e7-a28d-e8161e08d015,Linda Acosta
c6cace6f-6d6e-469f-b307-d8300a3f0bc5,Donna Nicholson DDS
9d15b4df-5401-4c7d-bdf4-1d7fca79221c,James Banks
7cadf055-31fc-4e98-8541-1c14c3cd57e6,Stephen Galvan
1aca3244-84aa-49f7-93f0-e661fd70b565,Sophia Davis
85d73722-af1c-4835-8371-30539ab09cd6,Jenna Harper
04e48012-a97c-40e7-bd55-197f20dda5ea,Jennifer Jennings
0ce6b040-fca6-496d-b6c3-c5bbb2f84caa,James Whitaker
8f39b23b-fbbc-4ca0-9a75-d57016564a98,Elizabeth Garner
9c43069b-6f67-41f7-bc45-7d7ae82ba87e,William Contreras
53a66aa3-c2bf-4504-afeb-24be631e7e3d,Courtney Carter
da07fcbd-66ba-4f5f-948c-8147e2110b31,Sherry Morgan
48d86cd6-9a6a-49ea-9a0e-f35002f42297,Rebecca Cabrera
edd0d2b4-39dd-45d4-89f7-455ded314a07,Brandon Dixon
47c3fe92-e6f4-4ae2-b70b-4b5930b09a85,John Baker
804cce9a-2f45-4a11-a69e-acffcc5f269b,Frank Rasmussen
7b203c5a-ed9e-43fd-9a33-f024717d3d52,Valerie Johnson
c5ea1db0-d43e-45b1-b1ff-fe45a3e97fe2,Amanda Russell
aa01aa20-bdbb-4e23-8565-2c025c3662c3,Gina Anthony
c1514826-d70e-4c09-b64e-6d7b25f88000,Michael Lopez
e19d8ab7-379f-41bc-b44c-01f48ae1fad2,Matthew Vance
76091fb8-e0c5-4501-9459-a685728ee50b,Amy Johnson
5d9fe398-3de7-49e8-a821-ebf5535ea8e5,Faith Long
3dfade78-522e-4bed-a0bb-c7fd7450671e,Amber Brown
7d1a2522-77a7-45ab-9a3f-4ab36845744d,Brandon Sims
1d67eb3b-adff-4740-be70-3f8e57547bbd,Marissa Garrison
15f8fe86-3456-41ed-b3b1-13c75d63db1d,Daniel Santos
0c328cb5-c1e9-46fd-a6fd-35eade0c27cb,William Smith
09274401-8f67-490d-ba4f-7136019b102d,Tina Rhodes
b4d2f508-53c3-40d3-b275-ef3ae6b5ca63,Kyle White
d56a8208-cda6-4e23-84bc-5227c7e039df,Justin Taylor
ef707895-aefb-4f64-965e-ed132545e9bf,Andrew Wade
a8af035f-19ce-4f5d-bb83-15f9766576cd,Elizabeth Powell
b9552953-a395-4b7f-bf88-3a85ee695768,Tami Huber
fd31af54-f481-4e07-8b0d-667bfa3880c3,Alexander Gould
0ea0679b-61bc-49da-8cf1-a7bd18e61e2c,Tara Bailey
852039f8-11ab-4732-88ad-2048344d88b4,Derrick Williams
f5a34ea1-af12-466d-a041-0406c61b7757,Christopher Allen
ed650e40-4b92-4023-8547-ea14d30e8c1a,John Berry
1ba6fce8-5b27-4b35-b1aa-cf8a45862067,Julia Long
882adfde-b181-49cc-b8a9-a8d7a461a33a,Monica Harrison
5224df3f-b921-40a5-bd0d-3db6478a96ae,Kevin Gray
00366286-202d-4155-8361-a2bd979a3c9e,Barbara Martin
0cf73f5f-786b-44c1-a036-f1de86c7fb1a,Brandon Hogan
64b64cdc-fdf9-4f59-9ec8-2804c4790979,Alexis Smith
7e9a7dd5-0fb9-4dbb-92c6-445d0bc67975,Alexis Gregory
2376b5dd-a3ba-45ae-9f3d-76dcd49cec43,Kelly Johnson
abb8381d-9934-4e49-96ef-772d9c4466c6,Isaac Peterson
a74031c2-d63a-4a27-95f9-29450f4009b2,William Fowler
09f3bd6f-a50d-4c0f-9151-b9cd0073310d,Samantha Mejia
4209c747-6e0a-4af0-b121-71191e5fec78,Louis Morris
2c0ec56e-60cb-4063-9551-8d1285b032d8,Nicholas Mcgee
49eaa593-983c-491b-9822-ae9951d023d9,Antonio Rivera
a77582dd-c964-4132-bd14-1490c0b07a22,Mary Berry
ed3b4026-cca4-44b3-acd3-2d9c09ff954e,Jessica Fields
02b80d87-4c89-4cb2-a45a-c971fa7fe2ea,Christina Lewis
1181e5af-386a-4ca2-8965-89d3bd5b642b,Marc Mckenzie
f3fd83b3-560f-4479-abaf-d4838ae820b1,Kimberly Burke
02b6970c-4143-4f2a-bac5-66f01f36e26f,Jordan Cole
e76e1490-5c70-478d-b458-d72aebc644de,Melanie Smith
5800177e-7476-4c15-87ef-c5aed243aa52,Kevin Rodriguez
66468987-1eb5-4b3c-8236-883b25c7a1d9,Betty Henderson
05f47ca1-d8bd-4ceb-ab5b-6361fec5b103,Stephanie Odonnell
92857b1d-e7f9-4068-b6f9-13fad547cecd,Daniel Bean
96b4aea7-b541-4fae-9a5b-b9de82209139,Joseph Scott
1e37286c-6090-409b-a672-5faf4cc17bdd,Joe Johnson
99e8d2fb-b943-4771-8a07-2fe1150f7d93,Ricky Black
f7a24977-d3d8-4940-995c-6264360fb826,Tiffany Edwards
7824877b-e6b4-4f26-9adf-c5d0b54271e2,Toni Morris
86d14325-ca26-48ea-8aba-90dc39fd8386,Robyn Anderson
55b41efa-a4e7-42cf-afd8-dc2b4a6b40d5,Rita Jones
8f4f80b6-963d-4433-8eda-fd8fafc40a16,John Webster
660b56f4-d158-4a9e-a8ee-d577de66950e,Patrick Kim
92c4cd96-2d75-4f82-8681-c32d377af9e7,Stacy Alvarez
cdbcf47d-2561-43b4-8cea-a7d35d453ac2,Christine Ingram
0df879d1-61d0-41c8-97e6-c39d089f124a,Jeff Rodriguez
5fbe5898-b589-4328-bdde-c8207a24c73f,Jessica Lyons
bda64362-318a-483c-8266-81670a0f237b,Sierra Howard
f69a071d-6273-4e53-b09e-ab2198ad77e5,Deborah Taylor
bcee3e8c-105d-4582-abb1-d0876305d29b,Tracy Austin
ac8c6224-a756-40aa-a238-50938d0ee9e8,Ashley Watts
66cc96ba-61cd-4e44-bd6b-3f0449710c55,Thomas Velazquez
d989f462-48e4-40b1-9a93-1be6305dc529,Tamara Walters
7173f4b8-d1dc-4897-844e-a38ef09de98e,Lisa Duncan
935de436-9324-4b17-bf31-b82a1ef96db3,Angela Marshall
140b3dc8-f5c3-4349-a6b3-59fc32c31605,Corey Thomas
87fe3463-fabb-4ee3-8c21-cff3fd04740e,Kenneth Hawkins
5f62afcd-fc76-4cce-9d1c-029901b59ccc,Courtney Schwartz
190dc9b9-0b6b-42f4-a754-c074366b31b0,Brett Thompson
4a6bb3ef-663b-4a78-ba17-ce02bb4bf653,Erika Guzman
4e9e6824-31a8-4f7b-b163-5b253d10ed8a,Dennis Watkins
54cd69ce-7d2a-4dbf-bbef-e5477fca9275,Jennifer Smith
203fc376-3048-4102-b798-bcde957f7d1f,Karen Jackson
88bfbd4c-89ff-466b-a3b0-529bdfd2d926,Jennifer Lamb
696ea080-28e9-4515-9356-9888717cd4bb,Sarah Hutchinson
c86de7af-054e-45f3-84a9-b2fa3b988cf2,Shelia Ray
6dbdcf93-03bd-4d6a-aa33-2f893f09fa5b,Carlos Gay
aacf23d4-9499-439b-8850-7367b8dfa56b,Katherine Reed
74f9f9c4-91a6-49f3-af56-28903520e338,Michael Henderson
4d6b67d9-a191-47ce-a38b-f7cdc961fff5,Christopher White
c71446e1-e4be-4295-92fc-e7bd3e933bae,Valerie Miller
f36ff732-9cbc-4c2e-8569-8aecb0a8df75,Jonathan Nelson
8a861a23-dcbc-4c86-bb13-9d6021355a49,Dustin Spears
0e7e27d6-55f5-4aaf-ba94-e70af91a3d4e,Angela Hester
df32a65b-6296-4661-a6b9-587a3b36b7d1,Shannon Dudley
26657615-3e7d-493e-94a7-a52f3495443b,Chad Garrett
b9aea8d7-fcce-458f-90f2-62ff1d47e30a,Catherine Solomon
475ec6cf-239d-458b-9494-e2320b7b6ec8,Ashley Perez
d988f58f-8e63-4adb-892b-958ac5d0f2fc,Connor Savage
f0b14c02-8929-42c2-8c68-ca8df8fadf6f,Kristina Walsh
daebe1ab-ec8e-4145-ad33-905b9f81c6ce,Nicholas Bauer
cf3afbe6-dadc-408f-bb93-50a220219030,Sherry Bowman
ecde911c-0ec2-4f18-baeb-17f23b73c2c0,Alicia Robinson
6edf1466-14e0-40b3-947c-f4951dd94738,Jeremy Murphy
274c665a-edd6-411b-9f79-b5df0413f741,Shannon Williams
47d53cf6-c99d-4bbc-9664-8c0ee049b620,Stephen Luna
33f20155-3027-4f5a-9314-336473383b0d,Ann Garcia
078ca82d-c2e3-4064-91b7-cd24227199c3,Briana Evans
7f0417fd-0c28-4584-ae09-9f10e1b3c2ce,Jessica Richardson MD
5b31593c-9dfc-4597-af7d-5f13ec690239,Brooke Pena
a3771a55-54b8-4966-9d9c-60748213d763,Leslie Wright
4cddf799-4d33-49e4-84c4-554424a6245f,Gregory Richardson
c288fa08-a0cf-4904-a39d-a00cd5666524,Gina Jones
7852ae2e-80b0-4071-82f5-b66e43830511,Danny Brooks
56da5723-39cc-4738-a612-f70b6f56b162,Linda Barr
8585b460-cd0e-45cc-b96a-2779a5eeacfd,Anna Cameron
1be54e6c-45ff-4904-8789-8d93b74a2b3e,Emily Moore
0192b6a5-7609-4497-b7f7-a34607623a15,Rebecca Johnson
0976b628-0fe1-4bba-a6e8-870ebb229445,Andrew Baker
5de61451-ee5b-423a-bac7-20a20da978e3,Joseph Smith
48adacb7-9570-4146-ad00-f31f2fcd3dd4,Joel Norris
7bf93b25-b739-4448-a099-633253a504eb,Eugene Miller
276b760d-9207-49dd-a9fb-fbf88d7ce921,Joseph Snyder
1e0ff99c-8ba0-4123-ace7-59d521ac39ab,Chris Collins
eb700ebd-31cc-4c79-a9de-b7db6616c17c,Jill Powell
4ce8ee58-f27d-4781-b087-051e8e739c30,Tamara Andrade
2a1a6c8c-1834-4b5f-84c0-617f83801e71,Alexandria Noble
e928b28b-6fa1-4094-8bba-13ecf8a92da2,Joanna Fletcher
84e7c503-4b0e-4dbe-a6db-e91a992c0ba5,Stephanie Morris
0785cf19-0eb3-4e35-80bf-e79c98c95522,Maureen Kennedy
b236a67f-2c03-4bac-83ec-0c6742105cb6,Ryan Brown
dfb44205-11fa-434e-be31-5b3bd74aae36,Austin Phillips
0c8eb584-1294-4eb6-99ab-4d9c7e940ef8,Robert Sullivan
5f245e6a-1885-4464-b8e1-3f96410930fc,Melissa Cook
eae9080e-eac4-4a2f-9789-1ffcaea50a44,Michael Leon
232f0d9b-15f4-416f-87d9-2ba2b320ba35,Keith Cook
c5bc5809-994b-45bb-a2b4-7b360d8b6ad6,Michaela Mccullough
d10ef6eb-2029-4a3f-b37c-b9b1bbcd862b,Olivia Baker
1b64d1c3-4d49-44a2-bad3-c1bad69a49c0,Carrie Foster
2df36ec1-8925-4a51-84ef-b03b1234cdfd,Kenneth Bishop
87aa3031-655e-4ff1-9f06-3a348fb1c095,Derek Reed
05da9a90-a86c-4bd1-9c38-dbc02b0b0190,Brooke Juarez
71b4e149-9672-4646-8444-ef2d798cb3fd,Jason Duncan
4ae828b4-d6c9-4740-ae22-f47ff807226e,Lisa Hayes
deadfae5-64f5-4fed-a09e-755ab5dae3ee,Brian Jones
cdb860f3-b337-4714-861a-ca495d273b6f,Summer Vargas
8269f3bf-3094-4d08-a5c7-7d082ec69352,Tyler Turner
24f7f6d6-9550-4e77-9efc-48eb63df323d,Lori Walker
5f29a675-6d2b-4462-89b0-28241612caae,Christopher Foster
ca9777ca-4c79-4792-b74e-3469c37b8306,Pamela Grant
4848f7f4-5074-46e2-a60d-05c8de92c5a0,Tyler Richardson
160c24dc-c275-463d-add5-26bdfebd3760,Connie Horn
00a09ca6-8c78-4319-81f1-20d24a3d6b4e,Michele Evans
03d99f9b-b58a-4654-a2a1-f72f902ea7be,Lindsey Patterson
ed5f1715-78b7-4187-bc4f-bec31886661f,Charles Young
77f9a154-42e8-4c34-aca5-db728f9fe73b,Michael Little
61d8aeb5-4ccd-4f15-96fe-37211a1ddacc,Terry Vargas
5239b6db-b168-4051-a97d-54aefeb7a915,Phillip Clarke
c3ec0129-4cd4-41c1-9f33-7539aa30afaa,Scott Rivera
0bcf28dc-a787-45fd-a8a9-3f81f55257c8,Elizabeth Ramirez
b1f0c83a-ae46-4797-9c90-3005cde42fa9,Michael Long
c58ce874-0bfe-409c-86b5-1a429e343a39,Kimberly Hudson
237b0819-55b7-4340-8b5f-1ef112707b97,Cynthia White
52dbc92f-8fa4-4416-9134-70c26b72556c,Danielle Austin
143e5291-55c1-404f-90aa-d6f7e07542b2,Holly Clay
1f707e94-e0e1-4924-8ec0-798edebbdcc7,Susan Oneill
15f14777-4833-44f4-b4e9-cc493790ef85,Anne Moore
074d9447-9b98-426a-bcfc-86fea35e5142,Katherine King
a7652910-9091-44cb-a6ea-5a903c85b334,Tina Hodges
f020949a-be96-4004-81e9-6d222d3db927,Jamie Anthony
e84854dc-d1ee-42fc-a3c6-6ac1d54f1891,Brandon Stevens
84d1798c-2d66-41d8-9899-6dcadb71e589,Meghan Klein
4dc340ff-5cbc-4c9a-9df6-50c8050ed51a,Joshua Lloyd
d4c06eed-8045-4127-bc2e-fdd765ba26e5,Victoria Mcgee
a5b59fb5-10ba-417a-b0a5-78dee492977c,Penny Farley
639c19c1-3b5c-4c4e-91fe-50fdcd2a4aa2,William Marks
ce20dbf6-0846-42d0-bf93-9f4797d8bfdb,Kristina Golden
4a75dc9e-8ce3-478f-816d-d85ff97f93a5,Carolyn Terry
973f4e56-b49f-4064-8e51-80b3f7c07873,Austin Adams
5c02a2ce-cde1-44a2-8c5b-5874125404a0,Jill Walker
a3f0dc1c-fcce-4f99-a5bc-2c7ca67e8329,Bailey Patterson
425a0070-6da4-43b2-940b-aa17000c7824,Johnny Santana
6bd1d9f1-9aae-45cf-98b4-540c3e76f2ad,Mr. Steven Melendez MD
afa800d6-f74e-427a-a90f-a7cf5be1b21e,Melanie Brown
b20a304d-aef7-43fe-9ebc-6c92d673cf65,Melanie Brown
74393fe9-433d-4ed8-8961-173763c4663a,Christopher Olson
46c7c2f7-60a6-4ea2-a2d7-6deb80aac6f8,Megan Mathis
8fd1c0d1-a364-4353-9989-72997e0b4adc,Sheila Smith
19f4be21-0644-4247-9a27-47f281d2529c,Gavin Randall
8c26dbef-19ec-4c52-b3b6-6bc867f0db8c,Austin Mitchell
58345d9f-7569-466a-86aa-570140abdc18,Amy Wade
a6c705ca-6dd4-439e-9582-59ea5cb4d18f,Donna Kent
9071fcaa-991c-4ab6-97d8-fa9b7c047aef,Emily Whitney
e2e9735a-b369-4546-b37f-9bc9d2bcb147,Maurice Jacobs
1620238f-c4f3-4f8b-bec7-fdd5d404958b,Lance Carter
b3c5d600-88e0-4adf-97fd-feb99ced76c5,Johnny Mclean
e1a20a29-b8ae-41ed-8f10-bf9b48b1e3b1,Brandon Ross
bda1d80a-3f19-4a26-9a69-84366d2d112f,Luke Allen
709ad8d0-0177-4d9e-b257-a1278ea688de,Linda Lynn
d07a820b-2602-4a25-85bb-a06bd1c5f837,Joseph King
149bca63-fcfc-4193-82b9-483ccf94c5f8,Daniel Galvan
8430830e-a6be-4ee4-aec7-8dab5adf19b9,Joan Mckay
e8c3aefd-e36b-41c4-b38a-9f6bb33d3cc9,Nathaniel Stewart
308b8d98-d982-4bbb-b52c-9ed64536bd88,Michael Clark
e903701e-1870-43be-90bb-f3310ab459ef,Jennifer Rich
64571451-40bb-4130-a3dd-a25c5d0d083b,Megan Lewis
9f2a6965-ca7c-4990-b683-d0b2c6f8091c,Sara Garcia
82cd215e-2f85-4802-aef4-a6d20b6ba574,Aaron Henderson
22ac8f4a-a414-45aa-9142-db771698782f,Christy Rosario
b0346e6a-a52a-4226-bf5f-0dafe2973ce6,Jason Steele
d43951a5-2b7f-4ecb-9769-c3f616ab15c0,Laura Fitzgerald
be52c97a-8993-46ff-ac84-eed32b4a1ef4,Jake Robinson
4aa7d30a-f8b0-4034-9b42-f20f9347e8c2,Albert Lowery
5f08457a-7420-4d79-b42b-ea28b57790ae,Emily Bailey
31ad9c94-7580-4c98-8740-0a88b3b236a1,Michelle Robbins
b5e02837-d3cb-448a-9c21-adde97635e5c,Derek Martinez
094e1edf-9081-4e7f-a55c-fdde5e641d00,Kimberly Banks
40367b67-b910-465f-9f3c-4dbabd0e6c53,Joan Little
ba6537dc-de48-4222-8700-37992922fda9,Kylie Juarez
41ead994-56aa-4ebb-9298-75499f2732df,Joseph Ross
dab6146e-58c3-4c22-94db-54c511da85c4,Danielle Hanson
f5724299-60e2-40e9-bea5-bd4623e0efb6,Helen Underwood
33fb6ac1-cfc5-4a27-b7e3-8151ac855257,Rachel King
fbad12f9-e628-4695-b48c-9d6bc28585ab,Gary Barrett
62c8bf94-2fe5-416d-9f77-d76ddb1b4efe,Diana Wilson
e2ac615f-32aa-45ba-b519-36ba01a5195d,Manuel Bush
79914796-9960-4c52-b6c5-33561d43fe4c,Susan Ward
0df8eed6-ca59-47ae-b9f0-93f229b3fea9,Jeffery Dougherty
da40b0f7-4a25-42d2-907a-4cc321ed5bf4,Mitchell Castillo
ddb8ddd3-68a7-4239-9eb6-5dc0965999d9,Anthony Wright
6a4d365b-d486-452f-a7e4-c08b42f5d619,Christine Carr
8fe02c57-fd23-4701-8a58-f6d5a4f2b01d,Keith White
48e5ba3b-a133-4f26-956b-43c3a30998f1,Tyler Cooper
8766c9c2-9107-4702-b48b-c7d2f549828a,Natalie Graves
4276a5a8-978c-4937-8c0b-729762a31470,Eric Miller
512cc086-6639-4627-80a2-e6b32ee65cf5,Sandra Hall
5914c45a-4409-4228-9a01-0bae58a41ea6,Bob Barnes
68c8864c-f49e-4b35-a8f8-33c441453099,Christina Stein
69a4bcd5-6c1a-4ffe-ac07-d80389ccdba9,Randall Walton
57c43ffd-e138-4ad4-a0b3-9fd681ca422e,Frederick Harris
53effbeb-44c8-4ca2-b487-1dbe0f036443,David Perez
dbff716c-0893-425f-958d-ccfa6cb69e85,Rebecca Burnett
4aa1f016-65d9-47a4-9365-7e06da1dd948,Michelle Thomas
742bba55-0caf-4e4b-bab3-7898438ea632,Amanda Nichols
e1739b97-9ac1-4f57-bb8a-c1e2f1dd4dc1,Kristen Garcia
2f4f1387-9890-4c7e-8185-71ea55f17341,Megan Garcia
893edfc3-50d7-4f88-8982-add4f48fb34b,Matthew White
9c5cc8d2-f4c4-4dca-8f31-bc3b61b986a0,Robert Bell
e3dfe3c1-fde3-4d61-becd-78281f9b7b16,Kristy Jackson
391b1c54-9921-4b14-b972-0b89af48d9b5,Christopher Morales
5a28500d-de26-485c-8056-0b05a2b0691c,Michelle Rodriguez
597afcde-3623-4958-8436-113f41093c96,Curtis Martin
7fc52dc9-4835-4be0-893b-8c914a43ffad,Daniel Spencer
b56b2ddd-2b74-4714-9764-7af7bad58e44,Miss Michelle Clements
49d908c6-0b30-40a7-8109-fb6540a4e811,Tony Mays
9b75592a-d5a7-4a51-8af4-36982b718c3b,Michael Johnson
0b1fd5f2-0748-4f26-850e-eab76402bb1a,Natalie Brown
b9892056-bc78-47fa-931e-011e66f969f3,Vanessa Mitchell
0977d31d-be3d-435e-acab-87fdf5589ba6,Jessica Howell DVM
8ce3ce0d-64dc-4e4a-905b-95e7ff20c105,Tammy Brown
aa6387b7-6d64-43d6-8cdb-19253888c139,Joseph Davila
25bf8ad6-6f22-479f-8323-83ae63f6628d,Courtney Diaz
713cacf1-65c3-4b51-88d5-4b6c0c9ebc61,Lisa Walters
9a00666d-64d4-40e4-ace9-3a4c2a491c71,Benjamin Bailey
8cd39dcd-2b8e-4ff6-874d-c5f28eb67c06,Grant Myers
1f835261-e023-481c-97aa-867e664e17b1,Alexander Campbell
